assignment_id,assignment_uuid,assignment_name,teacher_id,class_name,assignment_date,numStudentTotal,numStudentAttempted,levelCode,student_id,conv_id,overall_summary,Planning,Monitoring,Reflection,subject,planning_evidence,monitoring_evidence,reflection_evidence,planning_level,monitoring_level,reflection_level
9914076,f29725eb-61e1-4938-9c79-017ee60a8e90,S4 Physics: Electromagnetic Induction Trigger Activity with Learning Assistant (LEA) - Copy,13543,2687012,2025-07-16,38,13,Secondary 4,435935,None,You did not interact with the chatbot.,0,0,0,PHYSICS,You did not interact with the chatbot.,You did not interact with the chatbot.,You did not interact with the chatbot.,Not Observed,Not Observed,Not Observed
9914076,f29725eb-61e1-4938-9c79-017ee60a8e90,S4 Physics: Electromagnetic Induction Trigger Activity with Learning Assistant (LEA) - Copy,13543,2687012,2025-07-16,38,13,Secondary 4,432578,None,You did not interact with the chatbot.,0,0,0,PHYSICS,You did not interact with the chatbot.,You did not interact with the chatbot.,You did not interact with the chatbot.,Not Observed,Not Observed,Not Observed
9914076,f29725eb-61e1-4938-9c79-017ee60a8e90,S4 Physics: Electromagnetic Induction Trigger Activity with Learning Assistant (LEA) - Copy,13543,2687012,2025-07-16,38,13,Secondary 4,417904,None,You did not interact with the chatbot.,0,0,0,PHYSICS,You did not interact with the chatbot.,You did not interact with the chatbot.,You did not interact with the chatbot.,Not Observed,Not Observed,Not Observed
9914076,f29725eb-61e1-4938-9c79-017ee60a8e90,S4 Physics: Electromagnetic Induction Trigger Activity with Learning Assistant (LEA) - Copy,13543,2687012,2025-07-16,38,13,Secondary 4,411563,None,You did not interact with the chatbot.,0,0,0,PHYSICS,You did not interact with the chatbot.,You did not interact with the chatbot.,You did not interact with the chatbot.,Not Observed,Not Observed,Not Observed
9914076,f29725eb-61e1-4938-9c79-017ee60a8e90,S4 Physics: Electromagnetic Induction Trigger Activity with Learning Assistant (LEA) - Copy,13543,2687012,2025-07-16,38,13,Secondary 4,418463,None,You did not interact with the chatbot.,0,0,0,PHYSICS,You did not interact with the chatbot.,You did not interact with the chatbot.,You did not interact with the chatbot.,Not Observed,Not Observed,Not Observed
9914076,f29725eb-61e1-4938-9c79-017ee60a8e90,S4 Physics: Electromagnetic Induction Trigger Activity with Learning Assistant (LEA) - Copy,13543,2687012,2025-07-16,38,13,Secondary 4,409814,None,You did not interact with the chatbot.,0,0,0,PHYSICS,You did not interact with the chatbot.,You did not interact with the chatbot.,You did not interact with the chatbot.,Not Observed,Not Observed,Not Observed
9914076,f29725eb-61e1-4938-9c79-017ee60a8e90,S4 Physics: Electromagnetic Induction Trigger Activity with Learning Assistant (LEA) - Copy,13543,2687012,2025-07-16,38,13,Secondary 4,417890,133542.0,"You engaged with the topic by asking about practical applications of electromagnetic induction, showing curiosity about real-world connections. However, your conversation was very brief and didn't demonstrate deeper metacognitive behaviors like planning your learning approach, monitoring your understanding, or reflecting on the concepts.",1,1,1,PHYSICS,You did not demonstrate planning behaviors in this brief conversation. You asked one question about everyday applications but did not show evidence of organizing your thinking strategies or asking clarifying questions about the task or rules before proceeding.,"You did not demonstrate monitoring behaviors. There was no evidence of you checking your understanding, asking follow-up questions based on LEA's response, or seeking clarification about your learning progress during the activity.","You did not demonstrate reflection behaviors. The conversation ended after LEA's response without you reflecting on the information provided, considering alternative approaches, or building upon the examples given to deepen your understanding.",Emerging,Emerging,Emerging
9914076,f29725eb-61e1-4938-9c79-017ee60a8e90,S4 Physics: Electromagnetic Induction Trigger Activity with Learning Assistant (LEA) - Copy,13543,2687012,2025-07-16,38,13,Secondary 4,428215,None,You did not interact with the chatbot.,0,0,0,PHYSICS,You did not interact with the chatbot.,You did not interact with the chatbot.,You did not interact with the chatbot.,Not Observed,Not Observed,Not Observed
9914076,f29725eb-61e1-4938-9c79-017ee60a8e90,S4 Physics: Electromagnetic Induction Trigger Activity with Learning Assistant (LEA) - Copy,13543,2687012,2025-07-16,38,13,Secondary 4,410796,None,You did not interact with the chatbot.,0,0,0,PHYSICS,You did not interact with the chatbot.,You did not interact with the chatbot.,You did not interact with the chatbot.,Not Observed,Not Observed,Not Observed
9914076,f29725eb-61e1-4938-9c79-017ee60a8e90,S4 Physics: Electromagnetic Induction Trigger Activity with Learning Assistant (LEA) - Copy,13543,2687012,2025-07-16,38,13,Secondary 4,407016,None,You did not interact with the chatbot.,0,0,0,PHYSICS,You did not interact with the chatbot.,You did not interact with the chatbot.,You did not interact with the chatbot.,Not Observed,Not Observed,Not Observed
9914076,f29725eb-61e1-4938-9c79-017ee60a8e90,S4 Physics: Electromagnetic Induction Trigger Activity with Learning Assistant (LEA) - Copy,13543,2687012,2025-07-16,38,13,Secondary 4,422054,91247.0,"You engaged with the topic by asking a specific clarifying question about the voltmeter reading, showing some initial curiosity about the electromagnetic induction concept. However, your conversation was very brief and you didn't follow up on the chatbot's response or explore the topic further.",1,1,1,PHYSICS,"You asked one clarifying question ""Can you explain why the voltmeter shows a reading?"" but did not follow up with additional related questions or show organized thinking strategies to explore the topic systematically.","You did not ask any follow-up questions after receiving the chatbot's explanation about electromagnetic induction, showing no evidence of checking your understanding or monitoring your learning progress during the conversation.","You did not engage in any reflective thinking about the electromagnetic induction concept, did not consider alternatives, or ask ""what if"" questions despite the chatbot prompting you to think about what happens when the magnet is pulled out.",Emerging,Emerging,Emerging
9914076,f29725eb-61e1-4938-9c79-017ee60a8e90,S4 Physics: Electromagnetic Induction Trigger Activity with Learning Assistant (LEA) - Copy,13543,2687012,2025-07-16,38,13,Secondary 4,424110,80379.0,You provided a brief response to the initial question but did not engage in deeper thinking about the underlying concepts. Your conversation was very short and did not demonstrate metacognitive behaviors.,1,1,1,PHYSICS,You did not ask any clarifying questions about the task or demonstrate planning of your thinking strategies before approaching the electromagnetic induction problem.,"You did not ask questions about your learning progress or check your understanding during the conversation. Your single response ""I think both happens"" showed no evidence of monitoring your comprehension.","You did not reflect on your thinking or ask for alternative approaches. When LEA asked follow-up questions about why the phenomena occur, you did not respond, showing no evidence of reflection on the concepts.",Emerging,Emerging,Emerging
9914076,f29725eb-61e1-4938-9c79-017ee60a8e90,S4 Physics: Electromagnetic Induction Trigger Activity with Learning Assistant (LEA) - Copy,13543,2687012,2025-07-16,38,13,Secondary 4,448693,None,You did not interact with the chatbot.,0,0,0,PHYSICS,You did not interact with the chatbot.,You did not interact with the chatbot.,You did not interact with the chatbot.,Not Observed,Not Observed,Not Observed
9914076,f29725eb-61e1-4938-9c79-017ee60a8e90,S4 Physics: Electromagnetic Induction Trigger Activity with Learning Assistant (LEA) - Copy,13543,2687012,2025-07-16,38,13,Secondary 4,427510,None,You did not interact with the chatbot.,0,0,0,PHYSICS,You did not interact with the chatbot.,You did not interact with the chatbot.,You did not interact with the chatbot.,Not Observed,Not Observed,Not Observed
9914076,f29725eb-61e1-4938-9c79-017ee60a8e90,S4 Physics: Electromagnetic Induction Trigger Activity with Learning Assistant (LEA) - Copy,13543,2687012,2025-07-16,38,13,Secondary 4,426794,None,You did not interact with the chatbot.,0,0,0,PHYSICS,You did not interact with the chatbot.,You did not interact with the chatbot.,You did not interact with the chatbot.,Not Observed,Not Observed,Not Observed
9914076,f29725eb-61e1-4938-9c79-017ee60a8e90,S4 Physics: Electromagnetic Induction Trigger Activity with Learning Assistant (LEA) - Copy,13543,2687012,2025-07-16,38,13,Secondary 4,420228,None,You did not interact with the chatbot.,0,0,0,PHYSICS,You did not interact with the chatbot.,You did not interact with the chatbot.,You did not interact with the chatbot.,Not Observed,Not Observed,Not Observed
9914076,f29725eb-61e1-4938-9c79-017ee60a8e90,S4 Physics: Electromagnetic Induction Trigger Activity with Learning Assistant (LEA) - Copy,13543,2687012,2025-07-16,38,13,Secondary 4,415043,None,You did not interact with the chatbot.,0,0,0,PHYSICS,You did not interact with the chatbot.,You did not interact with the chatbot.,You did not interact with the chatbot.,Not Observed,Not Observed,Not Observed
9914076,f29725eb-61e1-4938-9c79-017ee60a8e90,S4 Physics: Electromagnetic Induction Trigger Activity with Learning Assistant (LEA) - Copy,13543,2687012,2025-07-16,38,13,Secondary 4,431077,None,You did not interact with the chatbot.,0,0,0,PHYSICS,You did not interact with the chatbot.,You did not interact with the chatbot.,You did not interact with the chatbot.,Not Observed,Not Observed,Not Observed
9914076,f29725eb-61e1-4938-9c79-017ee60a8e90,S4 Physics: Electromagnetic Induction Trigger Activity with Learning Assistant (LEA) - Copy,13543,2687012,2025-07-16,38,13,Secondary 4,450536,99411.0,You demonstrated strong questioning skills by asking follow-up questions that built upon previous responses. You showed good monitoring of your understanding by clarifying key concepts and asking for deeper explanations about electromagnetic induction.,2,2,1,PHYSICS,"You showed planning by asking strategic follow-up questions that built upon each other. You started with ""Can you explain how the direction of the magnet affects the current?"" and then followed up with ""is it the change or the rate of change"" which directly built upon the previous explanation about Lenz's Law.","You demonstrated monitoring by asking clarifying questions that followed up from LEA's responses. After learning about direction affecting current, you asked ""is it the change or the rate of change"" to clarify your understanding. You also asked ""Why does the bulb light up when the magnet is pushed into the coil?"" and ""if the magnet stays in its original position the bulb does not light up?"" which showed you were checking your comprehension of the concepts being explained.","While you asked good questions throughout the conversation, you did not demonstrate reflection behaviors such as considering alternatives, reassessing conclusions, or asking ""what if"" questions at the end of logical flows. Your questions were primarily focused on clarifying information rather than reflecting on the broader implications or connections.",Proficient,Proficient,Emerging
9914076,f29725eb-61e1-4938-9c79-017ee60a8e90,S4 Physics: Electromagnetic Induction Trigger Activity with Learning Assistant (LEA) - Copy,13543,2687012,2025-07-16,38,13,Secondary 4,400871,None,You did not interact with the chatbot.,0,0,0,PHYSICS,You did not interact with the chatbot.,You did not interact with the chatbot.,You did not interact with the chatbot.,Not Observed,Not Observed,Not Observed
9914076,f29725eb-61e1-4938-9c79-017ee60a8e90,S4 Physics: Electromagnetic Induction Trigger Activity with Learning Assistant (LEA) - Copy,13543,2687012,2025-07-16,38,13,Secondary 4,398866,None,You did not interact with the chatbot.,0,0,0,PHYSICS,You did not interact with the chatbot.,You did not interact with the chatbot.,You did not interact with the chatbot.,Not Observed,Not Observed,Not Observed
9914076,f29725eb-61e1-4938-9c79-017ee60a8e90,S4 Physics: Electromagnetic Induction Trigger Activity with Learning Assistant (LEA) - Copy,13543,2687012,2025-07-16,38,13,Secondary 4,416239,93953.0,"You demonstrated strong foundational knowledge by providing a comprehensive explanation of electromagnetic induction using proper scientific terminology. However, you did not engage in follow-up questioning or deeper exploration of the concepts presented.",1,1,1,PHYSICS,You did not ask any clarifying questions about the task or demonstrate planning of your thinking strategies before responding to LEA's initial question.,"You did not ask any follow-up questions about your learning progress or seek clarification about your understanding during the conversation, even when LEA introduced the new concept of generators.","You did not reflect on your learning or ask for alternative approaches. When LEA extended the discussion to generators, you did not engage with this new application or explore connections to your initial explanation.",Emerging,Emerging,Emerging
9914076,f29725eb-61e1-4938-9c79-017ee60a8e90,S4 Physics: Electromagnetic Induction Trigger Activity with Learning Assistant (LEA) - Copy,13543,2687012,2025-07-16,38,13,Secondary 4,407237,None,You did not interact with the chatbot.,0,0,0,PHYSICS,You did not interact with the chatbot.,You did not interact with the chatbot.,You did not interact with the chatbot.,Not Observed,Not Observed,Not Observed
9914076,f29725eb-61e1-4938-9c79-017ee60a8e90,S4 Physics: Electromagnetic Induction Trigger Activity with Learning Assistant (LEA) - Copy,13543,2687012,2025-07-16,38,13,Secondary 4,406400,None,You did not interact with the chatbot.,0,0,0,PHYSICS,You did not interact with the chatbot.,You did not interact with the chatbot.,You did not interact with the chatbot.,Not Observed,Not Observed,Not Observed
9914076,f29725eb-61e1-4938-9c79-017ee60a8e90,S4 Physics: Electromagnetic Induction Trigger Activity with Learning Assistant (LEA) - Copy,13543,2687012,2025-07-16,38,13,Secondary 4,406833,None,You did not interact with the chatbot.,0,0,0,PHYSICS,You did not interact with the chatbot.,You did not interact with the chatbot.,You did not interact with the chatbot.,Not Observed,Not Observed,Not Observed
9914076,f29725eb-61e1-4938-9c79-017ee60a8e90,S4 Physics: Electromagnetic Induction Trigger Activity with Learning Assistant (LEA) - Copy,13543,2687012,2025-07-16,38,13,Secondary 4,434711,None,You did not interact with the chatbot.,0,0,0,PHYSICS,You did not interact with the chatbot.,You did not interact with the chatbot.,You did not interact with the chatbot.,Not Observed,Not Observed,Not Observed
9914076,f29725eb-61e1-4938-9c79-017ee60a8e90,S4 Physics: Electromagnetic Induction Trigger Activity with Learning Assistant (LEA) - Copy,13543,2687012,2025-07-16,38,13,Secondary 4,424447,None,You did not interact with the chatbot.,0,0,0,PHYSICS,You did not interact with the chatbot.,You did not interact with the chatbot.,You did not interact with the chatbot.,Not Observed,Not Observed,Not Observed
9914076,f29725eb-61e1-4938-9c79-017ee60a8e90,S4 Physics: Electromagnetic Induction Trigger Activity with Learning Assistant (LEA) - Copy,13543,2687012,2025-07-16,38,13,Secondary 4,60947,84846.0,You demonstrated strong curiosity about electromagnetic induction by asking a series of connected questions that built upon each other. Your questions showed you were actively following the conversation and seeking deeper understanding of how generators work and what factors affect electricity generation.,2,3,1,PHYSICS,"You showed planning by asking follow-up questions that built upon previous responses. After learning about coil movement, you asked ""what moves the generator?"" and then followed up with ""How can you improve on the apparatus given in the simulation so that a constant supply of electricity is generated?"" These questions demonstrate you were thinking ahead about the broader system and practical applications.","You consistently monitored your understanding by asking multiple follow-up questions that directly built on LEA's responses. After learning about enhancing movement and magnetic fields, you asked ""How does the angle of the coil affect electricity generation?"" and then ""How do different types of magnets affect electricity generation?"" This shows you were actively checking your comprehension and seeking clarification on specific aspects that interested you.","While you asked many good questions throughout the conversation, you did not demonstrate clear reflection behaviors such as considering alternatives, reassessing conclusions, or making connections to broader concepts. Your questions were primarily seeking new information rather than reflecting on what you had learned or considering different perspectives on the topic.",Proficient,Accomplished,Emerging
9914076,f29725eb-61e1-4938-9c79-017ee60a8e90,S4 Physics: Electromagnetic Induction Trigger Activity with Learning Assistant (LEA) - Copy,13543,2687012,2025-07-16,38,13,Secondary 4,423951,None,You did not interact with the chatbot.,0,0,0,PHYSICS,You did not interact with the chatbot.,You did not interact with the chatbot.,You did not interact with the chatbot.,Not Observed,Not Observed,Not Observed
9914076,f29725eb-61e1-4938-9c79-017ee60a8e90,S4 Physics: Electromagnetic Induction Trigger Activity with Learning Assistant (LEA) - Copy,13543,2687012,2025-07-16,38,13,Secondary 4,411292,89333.0,"You engaged with the topic by asking a clarifying question about how magnetic fields affect coils, but your conversation was very brief and didn't show deeper exploration or reflection on the concepts.",1,1,1,PHYSICS,"You asked one clarifying question ""Can you explain how the magnetic field affects the coil?"" but this was a single, isolated question without any follow-up or organized approach to understanding the topic.",You did not ask any follow-up questions after LEA's explanation or check your understanding of the electromagnetic induction concepts that were presented to you.,"You did not respond to LEA's final question ""What do you think about this process?"" and showed no evidence of reflecting on the explanation or considering alternative approaches to understanding electromagnetic induction.",Emerging,Emerging,Emerging
9914076,f29725eb-61e1-4938-9c79-017ee60a8e90,S4 Physics: Electromagnetic Induction Trigger Activity with Learning Assistant (LEA) - Copy,13543,2687012,2025-07-16,38,13,Secondary 4,425800,None,You did not interact with the chatbot.,0,0,0,PHYSICS,You did not interact with the chatbot.,You did not interact with the chatbot.,You did not interact with the chatbot.,Not Observed,Not Observed,Not Observed
9914076,f29725eb-61e1-4938-9c79-017ee60a8e90,S4 Physics: Electromagnetic Induction Trigger Activity with Learning Assistant (LEA) - Copy,13543,2687012,2025-07-16,38,13,Secondary 4,473349,None,You did not interact with the chatbot.,0,0,0,PHYSICS,You did not interact with the chatbot.,You did not interact with the chatbot.,You did not interact with the chatbot.,Not Observed,Not Observed,Not Observed
9914076,f29725eb-61e1-4938-9c79-017ee60a8e90,S4 Physics: Electromagnetic Induction Trigger Activity with Learning Assistant (LEA) - Copy,13543,2687012,2025-07-16,38,13,Secondary 4,419092,None,You did not interact with the chatbot.,0,0,0,PHYSICS,You did not interact with the chatbot.,You did not interact with the chatbot.,You did not interact with the chatbot.,Not Observed,Not Observed,Not Observed
9914076,f29725eb-61e1-4938-9c79-017ee60a8e90,S4 Physics: Electromagnetic Induction Trigger Activity with Learning Assistant (LEA) - Copy,13543,2687012,2025-07-16,38,13,Secondary 4,418585,None,You did not interact with the chatbot.,0,0,0,PHYSICS,You did not interact with the chatbot.,You did not interact with the chatbot.,You did not interact with the chatbot.,Not Observed,Not Observed,Not Observed
9914076,f29725eb-61e1-4938-9c79-017ee60a8e90,S4 Physics: Electromagnetic Induction Trigger Activity with Learning Assistant (LEA) - Copy,13543,2687012,2025-07-16,38,13,Secondary 4,403782,99223.0,"You provided brief, correct responses about magnetic flux changes and Faraday's Law, but you didn't engage in deeper questioning or reflection about the concepts. Your responses were reactive rather than proactive in exploring the topic.",1,1,1,PHYSICS,You did not ask clarifying questions about the task or demonstrate planning of your thinking strategies. Your responses were brief answers to LEA's questions rather than organized inquiry.,"While you asked ""can u help"" when uncertain about Faraday's Law, this was a general request for assistance rather than checking your understanding or following up on LEA's explanations about electromagnetic induction.",You did not reflect on the concepts or ask follow-up questions to deepen your understanding. Your responses confirmed LEA's explanations but didn't explore alternative approaches or connections to other concepts.,Emerging,Emerging,Emerging
9914076,f29725eb-61e1-4938-9c79-017ee60a8e90,S4 Physics: Electromagnetic Induction Trigger Activity with Learning Assistant (LEA) - Copy,13543,2687012,2025-07-16,38,13,Secondary 4,415467,None,You did not interact with the chatbot.,0,0,0,PHYSICS,You did not interact with the chatbot.,You did not interact with the chatbot.,You did not interact with the chatbot.,Not Observed,Not Observed,Not Observed
9914076,f29725eb-61e1-4938-9c79-017ee60a8e90,S4 Physics: Electromagnetic Induction Trigger Activity with Learning Assistant (LEA) - Copy,13543,2687012,2025-07-16,38,13,Secondary 4,834707,None,You did not interact with the chatbot.,0,0,0,PHYSICS,You did not interact with the chatbot.,You did not interact with the chatbot.,You did not interact with the chatbot.,Not Observed,Not Observed,Not Observed
9914076,f29725eb-61e1-4938-9c79-017ee60a8e90,S4 Physics: Electromagnetic Induction Trigger Activity with Learning Assistant (LEA) - Copy,13543,2687012,2025-07-16,38,13,Secondary 4,424390,81160.0,"You asked direct questions about electromagnetic induction but didn't engage in deeper planning, monitoring, or reflection. Your questions were informational rather than metacognitive, focusing on getting explanations rather than checking your understanding or reflecting on the concepts.",1,1,1,PHYSICS,"You asked questions about electromagnetic induction, but these were direct requests for explanations rather than strategic planning questions. Your questions ""Explain why does the bulb light up when the magnet is pushed into the coil?"" and ""How can you improve on the apparatus given in the simulation so that a constant supply of electricity is generated?"" were informational rather than showing planning of your thinking strategies.","You did not ask questions to check your understanding or follow up on the chatbot's explanations. After receiving explanations about electromagnetic induction and generators, you moved to a different topic about galvanometers without monitoring whether you understood the previous concepts.",You did not reflect on the concepts discussed or ask follow-up questions that showed deeper thinking. You didn't engage with the chatbot's explanations or consider alternative approaches to understanding electromagnetic induction.,Emerging,Emerging,Emerging
10872683,c740e28f-8247-4275-af78-987015890280,S4 Physics: Electromagnetic Induction Trigger Activity with Learning Assistant (LEA),31524,3196021,2026-05-08,32,26,Secondary 4,444219,None,You did not interact with the chatbot.,0,0,0,PHYSICS,You did not interact with the chatbot.,You did not interact with the chatbot.,You did not interact with the chatbot.,Not Observed,Not Observed,Not Observed
10872683,c740e28f-8247-4275-af78-987015890280,S4 Physics: Electromagnetic Induction Trigger Activity with Learning Assistant (LEA),31524,3196021,2026-05-08,32,26,Secondary 4,464728,None,You did not interact with the chatbot.,0,0,0,PHYSICS,You did not interact with the chatbot.,You did not interact with the chatbot.,You did not interact with the chatbot.,Not Observed,Not Observed,Not Observed
10872683,c740e28f-8247-4275-af78-987015890280,S4 Physics: Electromagnetic Induction Trigger Activity with Learning Assistant (LEA),31524,3196021,2026-05-08,32,26,Secondary 4,451039,None,You did not interact with the chatbot.,0,0,0,PHYSICS,You did not interact with the chatbot.,You did not interact with the chatbot.,You did not interact with the chatbot.,Not Observed,Not Observed,Not Observed
10872683,c740e28f-8247-4275-af78-987015890280,S4 Physics: Electromagnetic Induction Trigger Activity with Learning Assistant (LEA),31524,3196021,2026-05-08,32,26,Secondary 4,453959,714687.0,"You engaged in a systematic exploration of electromagnetic induction concepts, asking follow-up questions that built upon previous responses. You demonstrated good monitoring by seeking clarification when confused about coil positions and induced EMF relationships.",2,2,1,PHYSICS,"You demonstrated planning by asking follow-up questions that built upon previous responses. After learning about Faraday's Law and Lenz's Law, you asked about ""factors affecting amplitude and period of induced emf"" and then specifically ""how about in an ac generator,"" showing you were organizing your understanding around related concepts.","You showed monitoring by asking clarifying questions when you encountered confusion. When LEA explained maximum and minimum EMF positions, you asked ""wait when the coil is horizontal can induced emf be either max or min and when coil is vertical it is 0?"" This demonstrates you were checking your understanding against what was being explained.","While you asked many questions throughout the conversation, you did not demonstrate clear reflection behaviors such as considering alternatives, reassessing conclusions, or connecting concepts to broader understanding. Your questions were primarily seeking information rather than reflecting on your learning process.",Proficient,Proficient,Emerging
10872683,c740e28f-8247-4275-af78-987015890280,S4 Physics: Electromagnetic Induction Trigger Activity with Learning Assistant (LEA),31524,3196021,2026-05-08,32,26,Secondary 4,460694,None,You did not interact with the chatbot.,0,0,0,PHYSICS,You did not interact with the chatbot.,You did not interact with the chatbot.,You did not interact with the chatbot.,Not Observed,Not Observed,Not Observed
10872683,c740e28f-8247-4275-af78-987015890280,S4 Physics: Electromagnetic Induction Trigger Activity with Learning Assistant (LEA),31524,3196021,2026-05-08,32,26,Secondary 4,445483,474059.0,"You engaged with the topic by asking sequential questions about electromagnetic induction concepts. Your questions followed a logical progression from basic concepts to more complex applications, showing some organization in your learning approach.",2,2,1,PHYSICS,"You demonstrated planning by asking follow-up questions that built upon previous responses. After learning about electromagnetic induction, you asked ""Can you explain Lenz's Law in more detail?"" and then followed up with ""Can you explain more about the generator effect?"" This shows you were organizing your learning by connecting related concepts in a logical sequence.","You showed monitoring behavior by asking follow-up questions that built on LEA's previous explanations. When LEA explained electromagnetic induction and mentioned Lenz's Law, you immediately asked ""Can you explain Lenz's Law in more detail?"" Then after learning about Lenz's Law and its application to generators, you asked ""Can you explain more about the generator effect?"" This demonstrates you were tracking your understanding and seeking clarification on connected concepts.","While you asked sequential questions about related concepts, you did not demonstrate reflective thinking behaviors such as considering alternatives, making connections to other ideas, or reassessing your understanding. Your questions were primarily requests for explanations rather than reflective inquiries that showed deeper thinking about the concepts.",Proficient,Proficient,Emerging
10872683,c740e28f-8247-4275-af78-987015890280,S4 Physics: Electromagnetic Induction Trigger Activity with Learning Assistant (LEA),31524,3196021,2026-05-08,32,26,Secondary 4,463103,474052.0,"You engaged with the topic by asking for a detailed explanation about electromagnetic induction. However, your interaction was limited to a single clarifying question without further follow-up or deeper exploration of the concept.",1,1,1,PHYSICS,"You did not demonstrate planning behaviors in this conversation. While you asked ""Can you explain why the bulb lights up in more detail?"", this was a single isolated question without any follow-up questions or organized approach to understanding the topic.","You did not show monitoring behaviors during this conversation. After LEA provided a detailed explanation about electromagnetic induction, you did not ask any follow-up questions to check your understanding or clarify any aspects of the explanation.","You did not demonstrate reflective thinking in this conversation. There was no evidence of you considering alternatives, making connections to other concepts, or reflecting on the explanation provided about electromagnetic induction.",Emerging,Emerging,Emerging
10872683,c740e28f-8247-4275-af78-987015890280,S4 Physics: Electromagnetic Induction Trigger Activity with Learning Assistant (LEA),31524,3196021,2026-05-08,32,26,Secondary 4,476033,None,You did not interact with the chatbot.,0,0,0,PHYSICS,You did not interact with the chatbot.,You did not interact with the chatbot.,You did not interact with the chatbot.,Not Observed,Not Observed,Not Observed
10872683,c740e28f-8247-4275-af78-987015890280,S4 Physics: Electromagnetic Induction Trigger Activity with Learning Assistant (LEA),31524,3196021,2026-05-08,32,26,Secondary 4,457579,None,You did not interact with the chatbot.,0,0,0,PHYSICS,You did not interact with the chatbot.,You did not interact with the chatbot.,You did not interact with the chatbot.,Not Observed,Not Observed,Not Observed
10872683,c740e28f-8247-4275-af78-987015890280,S4 Physics: Electromagnetic Induction Trigger Activity with Learning Assistant (LEA),31524,3196021,2026-05-08,32,26,Secondary 4,464228,None,You did not interact with the chatbot.,0,0,0,PHYSICS,You did not interact with the chatbot.,You did not interact with the chatbot.,You did not interact with the chatbot.,Not Observed,Not Observed,Not Observed
10872683,c740e28f-8247-4275-af78-987015890280,S4 Physics: Electromagnetic Induction Trigger Activity with Learning Assistant (LEA),31524,3196021,2026-05-08,32,26,Secondary 4,679590,474063.0,"You asked three related questions about electromagnetic induction after the chatbot prompted you to explain your thinking. Your questions showed some planning by covering different aspects of the topic, but you didn't engage further with the responses provided.",1,1,1,PHYSICS,"You asked three questions about electromagnetic induction: ""Why does the bulb light up when the magnet is pushed into the coil? Why does the volmeter show a reading when the magnet is pushed into the coil? How do generators generate a constant supply of electricity?"" However, these appear to be prompted by the chatbot's suggestions rather than your own organized thinking strategy, and you didn't follow up with additional questions that built on your initial ones.",You did not ask any follow-up questions after receiving the chatbot's explanations about electromagnetic induction. There was no evidence of you checking your understanding or comparing the responses with your own thinking during the learning process.,"You did not engage in any reflective behavior after receiving the explanations. There was no evidence of you considering alternatives, asking ""what if"" questions, or drawing connections to other concepts at the end of the conversation flow.",Emerging,Emerging,Emerging
10872683,c740e28f-8247-4275-af78-987015890280,S4 Physics: Electromagnetic Induction Trigger Activity with Learning Assistant (LEA),31524,3196021,2026-05-08,32,26,Secondary 4,443420,None,You did not interact with the chatbot.,0,0,0,PHYSICS,You did not interact with the chatbot.,You did not interact with the chatbot.,You did not interact with the chatbot.,Not Observed,Not Observed,Not Observed
10872683,c740e28f-8247-4275-af78-987015890280,S4 Physics: Electromagnetic Induction Trigger Activity with Learning Assistant (LEA),31524,3196021,2026-05-08,32,26,Secondary 4,463000,474065.0,You engaged with the electromagnetic induction topic by asking a series of related questions that built upon each other. Your questions showed a logical progression from understanding the basic mechanism to exploring practical applications and improvements.,2,2,2,PHYSICS,"You demonstrated planning by asking follow-up questions that built upon each other in a logical sequence. You started with ""Why does the bulb light up when the magnet is pushed into the coil?"" and then progressed to ""How do generators generate a constant supply of electricity?"" and finally ""How can you improve on the apparatus given in the simulation so that a constant supply of electricity is generated?"" This shows you were organizing your thinking to move from basic understanding to practical applications.","You showed monitoring by asking follow-up questions that directly built upon LEA's previous responses. After LEA explained how the bulb lights up and mentioned generators, you asked ""How do generators generate a constant supply of electricity?"" Then after learning about continuous motion in generators, you asked about improving the apparatus, showing you were checking your understanding and building upon the information provided.","You demonstrated reflection by asking ""How can you improve on the apparatus given in the simulation so that a constant supply of electricity is generated?"" at the end of your logical flow of questions. This question showed you were thinking beyond the basic concepts to consider practical improvements and applications, reflecting on how the principles could be enhanced in real-world scenarios.",Proficient,Proficient,Proficient
10872683,c740e28f-8247-4275-af78-987015890280,S4 Physics: Electromagnetic Induction Trigger Activity with Learning Assistant (LEA),31524,3196021,2026-05-08,32,26,Secondary 4,447348,474072.0,"You engaged with the topic by asking a basic clarifying question about the electromagnetic induction process. However, you did not follow up on the chatbot's detailed explanation or explore the follow-up question about magnet speed, showing limited metacognitive engagement.",1,1,1,PHYSICS,"You asked one basic question ""What happens when a magnet is pushed into the coil?"" but did not demonstrate strategic planning by asking follow-up questions or organizing your inquiry in a systematic way.",You did not check your understanding or ask follow-up questions after receiving the detailed explanation about electromagnetic induction. You did not respond to the chatbot's follow-up question about how magnet speed affects bulb brightness.,You did not reflect on the explanation provided or consider alternative approaches to understanding the concept. There was no evidence of you connecting the information to your existing knowledge or asking deeper questions about the process.,Emerging,Emerging,Emerging
10872683,c740e28f-8247-4275-af78-987015890280,S4 Physics: Electromagnetic Induction Trigger Activity with Learning Assistant (LEA),31524,3196021,2026-05-08,32,26,Secondary 4,476022,None,You did not interact with the chatbot.,0,0,0,PHYSICS,You did not interact with the chatbot.,You did not interact with the chatbot.,You did not interact with the chatbot.,Not Observed,Not Observed,Not Observed
10872683,c740e28f-8247-4275-af78-987015890280,S4 Physics: Electromagnetic Induction Trigger Activity with Learning Assistant (LEA),31524,3196021,2026-05-08,32,26,Secondary 4,454470,474051.0,"You engaged with the physics concept by providing a thoughtful explanation about magnetic field interactions and electron movement. However, you did not ask follow-up questions or explore the topic further beyond your initial response.",1,1,1,PHYSICS,You did not ask any clarifying questions about the task or demonstrate planning of your thinking strategies before responding to the physics question.,"You did not ask questions about your learning progress or check your understanding during the conversation, even when LEA posed additional questions about current direction and magnet movement.","You did not reflect on your answer or ask for alternative approaches. When LEA confirmed your understanding and posed follow-up questions, you did not continue the conversation to explore the topic further.",Emerging,Emerging,Emerging
10872683,c740e28f-8247-4275-af78-987015890280,S4 Physics: Electromagnetic Induction Trigger Activity with Learning Assistant (LEA),31524,3196021,2026-05-08,32,26,Secondary 4,455722,474078.0,"You engaged minimally with the electromagnetic induction topic by directly requesting the answer without exploring your own understanding. You did not demonstrate planning, monitoring, or reflection behaviors throughout this brief interaction.",1,1,1,PHYSICS,"You did not ask any clarifying questions about the task or demonstrate any planning of your thinking strategies. Your single response ""Tell me the answer"" shows no evidence of planning how to approach the electromagnetic induction problem.",You did not ask any questions about your learning progress or check your understanding during the activity. There was no evidence of monitoring your comprehension of the electromagnetic induction concepts presented.,You did not engage in any reflective thinking or ask for alternative approaches to understanding the topic. Your conversation ended without any reflection on the electromagnetic induction concepts or consideration of different ways to think about the problem.,Emerging,Emerging,Emerging
10872683,c740e28f-8247-4275-af78-987015890280,S4 Physics: Electromagnetic Induction Trigger Activity with Learning Assistant (LEA),31524,3196021,2026-05-08,32,26,Secondary 4,452825,474061.0,"You engaged with the topic by asking a direct question about Faraday's Law, but you did not demonstrate planning strategies, monitoring of your understanding, or reflection on the concepts presented.",1,1,1,PHYSICS,"You asked ""What is Faraday's Law?"" but this was a single, isolated question that did not follow up on LEA's initial questions about electrons, the bulb lighting up, or the voltmeter reading. You did not demonstrate organized thinking strategies or build upon previous questions.",You did not ask any follow-up questions after LEA provided the explanation of Faraday's Law. You did not check your understanding or seek clarification about how the law connects to the specific phenomena LEA mentioned.,You did not respond to LEA's follow-up question about how Faraday's Law connects to the discussion on electrons in the coil. You showed no evidence of reflecting on the explanation provided or considering alternative approaches to understanding the concept.,Emerging,Emerging,Emerging
10872683,c740e28f-8247-4275-af78-987015890280,S4 Physics: Electromagnetic Induction Trigger Activity with Learning Assistant (LEA),31524,3196021,2026-05-08,32,26,Secondary 4,464698,474054.0,"You engaged with the topic by asking a series of related questions about electromagnetic induction, progressing logically from basic concepts to more specific factors. Your questions showed curiosity about the underlying principles and variables affecting the phenomenon.",2,2,1,PHYSICS,"You demonstrated planning by asking a logical sequence of follow-up questions that built upon each other. You started with ""What is Faraday's Law?"" then followed up with ""Can you explain Lenz's Law?"" and continued with questions about speed and magnet strength, showing organized thinking about the topic.","You showed monitoring by asking follow-up questions that built on LEA's previous responses. After learning about Faraday's Law, you asked ""What happens if you change the speed of the magnet's movement?"" and then ""How does the strength of the magnet affect the induced e.m.f.?"" demonstrating that you were processing the information and seeking to understand related factors.","While you asked relevant questions throughout the conversation, you did not demonstrate reflective thinking such as considering alternatives, making connections to other concepts, or reassessing your understanding. Your questions were informational rather than reflective.",Proficient,Proficient,Emerging
10872683,c740e28f-8247-4275-af78-987015890280,S4 Physics: Electromagnetic Induction Trigger Activity with Learning Assistant (LEA),31524,3196021,2026-05-08,32,26,Secondary 4,437057,None,You did not interact with the chatbot.,0,0,0,PHYSICS,You did not interact with the chatbot.,You did not interact with the chatbot.,You did not interact with the chatbot.,Not Observed,Not Observed,Not Observed
10872683,c740e28f-8247-4275-af78-987015890280,S4 Physics: Electromagnetic Induction Trigger Activity with Learning Assistant (LEA),31524,3196021,2026-05-08,32,26,Secondary 4,464755,None,You did not interact with the chatbot.,0,0,0,PHYSICS,You did not interact with the chatbot.,You did not interact with the chatbot.,You did not interact with the chatbot.,Not Observed,Not Observed,Not Observed
10872683,c740e28f-8247-4275-af78-987015890280,S4 Physics: Electromagnetic Induction Trigger Activity with Learning Assistant (LEA),31524,3196021,2026-05-08,32,26,Secondary 4,470768,None,You did not interact with the chatbot.,0,0,0,PHYSICS,You did not interact with the chatbot.,You did not interact with the chatbot.,You did not interact with the chatbot.,Not Observed,Not Observed,Not Observed
10872683,c740e28f-8247-4275-af78-987015890280,S4 Physics: Electromagnetic Induction Trigger Activity with Learning Assistant (LEA),31524,3196021,2026-05-08,32,26,Secondary 4,458751,None,You did not interact with the chatbot.,0,0,0,PHYSICS,You did not interact with the chatbot.,You did not interact with the chatbot.,You did not interact with the chatbot.,Not Observed,Not Observed,Not Observed
10872683,c740e28f-8247-4275-af78-987015890280,S4 Physics: Electromagnetic Induction Trigger Activity with Learning Assistant (LEA),31524,3196021,2026-05-08,32,26,Secondary 4,488638,474070.0,You asked a direct question about Faraday's Law but did not engage further with the concept or build upon the explanation provided. Your interaction remained at a basic level without demonstrating deeper thinking strategies.,1,1,1,PHYSICS,"You asked one clarifying question ""Can you explain Faraday's Law?"" but did not follow up with additional questions or show any organized approach to understanding the topic. This single question does not demonstrate planning of thinking strategies.","You did not ask any follow-up questions after receiving the explanation about Faraday's Law, nor did you check your understanding or indicate whether the explanation helped clarify the concept for you.","You did not reflect on the explanation provided or ask any ""what if"" questions. There was no evidence of you considering alternatives, reassessing conclusions, or drawing connections to other concepts.",Emerging,Emerging,Emerging
10872683,c740e28f-8247-4275-af78-987015890280,S4 Physics: Electromagnetic Induction Trigger Activity with Learning Assistant (LEA),31524,3196021,2026-05-08,32,26,Secondary 4,475320,474055.0,You provided a correct technical response about electromagnetic induction but did not engage in deeper questioning or reflection about the concept. Your interaction was brief and focused on stating knowledge rather than exploring understanding.,1,1,1,PHYSICS,You did not ask any clarifying questions about the task or demonstrate planning of your thinking strategies before responding to LEA's question about electromagnetic induction.,"You did not ask any follow-up questions about your learning progress or check your understanding during the conversation, despite LEA providing additional information about Lenz's Law and asking further questions.","You did not reflect on the topic or ask for alternative approaches. When LEA asked about factors affecting induced current, you did not respond or engage in reflective thinking about the concept.",Emerging,Emerging,Emerging
10872683,c740e28f-8247-4275-af78-987015890280,S4 Physics: Electromagnetic Induction Trigger Activity with Learning Assistant (LEA),31524,3196021,2026-05-08,32,26,Secondary 4,451049,None,You did not interact with the chatbot.,0,0,0,PHYSICS,You did not interact with the chatbot.,You did not interact with the chatbot.,You did not interact with the chatbot.,Not Observed,Not Observed,Not Observed
10872683,c740e28f-8247-4275-af78-987015890280,S4 Physics: Electromagnetic Induction Trigger Activity with Learning Assistant (LEA),31524,3196021,2026-05-08,32,26,Secondary 4,442825,None,You did not interact with the chatbot.,0,0,0,PHYSICS,You did not interact with the chatbot.,You did not interact with the chatbot.,You did not interact with the chatbot.,Not Observed,Not Observed,Not Observed
10872683,c740e28f-8247-4275-af78-987015890280,S4 Physics: Electromagnetic Induction Trigger Activity with Learning Assistant (LEA),31524,3196021,2026-05-08,32,26,Secondary 4,461965,None,You did not interact with the chatbot.,0,0,0,PHYSICS,You did not interact with the chatbot.,You did not interact with the chatbot.,You did not interact with the chatbot.,Not Observed,Not Observed,Not Observed
10872683,c740e28f-8247-4275-af78-987015890280,S4 Physics: Electromagnetic Induction Trigger Activity with Learning Assistant (LEA),31524,3196021,2026-05-08,32,26,Secondary 4,454621,None,You did not interact with the chatbot.,0,0,0,PHYSICS,You did not interact with the chatbot.,You did not interact with the chatbot.,You did not interact with the chatbot.,Not Observed,Not Observed,Not Observed
10872683,c740e28f-8247-4275-af78-987015890280,S4 Physics: Electromagnetic Induction Trigger Activity with Learning Assistant (LEA),31524,3196021,2026-05-08,32,26,Secondary 4,835533,None,You did not interact with the chatbot.,0,0,0,PHYSICS,You did not interact with the chatbot.,You did not interact with the chatbot.,You did not interact with the chatbot.,Not Observed,Not Observed,Not Observed
10872683,c740e28f-8247-4275-af78-987015890280,S4 Physics: Electromagnetic Induction Trigger Activity with Learning Assistant (LEA),31524,3196021,2026-05-08,32,26,Secondary 4,476019,None,You did not interact with the chatbot.,0,0,0,PHYSICS,You did not interact with the chatbot.,You did not interact with the chatbot.,You did not interact with the chatbot.,Not Observed,Not Observed,Not Observed
10872683,c740e28f-8247-4275-af78-987015890280,S4 Physics: Electromagnetic Induction Trigger Activity with Learning Assistant (LEA),31524,3196021,2026-05-08,32,26,Secondary 4,450770,None,You did not interact with the chatbot.,0,0,0,PHYSICS,You did not interact with the chatbot.,You did not interact with the chatbot.,You did not interact with the chatbot.,Not Observed,Not Observed,Not Observed
9583723,3a20da90-64b7-4184-b90d-312910b94f9a,Electromagnetic Induction,31492,2880752,2025-04-21,26,25,Secondary 4,407329,18694.0,"You engaged with the topic by asking a series of related questions about electromagnetic induction, building on each response to deepen your understanding. Your questions showed curiosity about the mechanics of the process, though you didn't reflect on or synthesize the information provided.",2,2,1,PHYSICS,"You demonstrated planning by asking follow-up questions that built upon each other in a logical sequence. You started with ""What role does the speed of the magnet play in this process?"" then followed up with ""must the magnet constantly be in motion for the lightbulb to light out?"" and continued with ""what does the magnet do to the current of the coil?"" These questions showed you were systematically exploring different aspects of electromagnetic induction.","You showed monitoring by asking follow-up questions that built on LEA's responses. After learning about speed's importance, you asked about constant motion, and after learning about motion's necessity, you asked about the magnet's effect on current. This demonstrated you were checking your understanding and seeking clarification as the conversation progressed.","While you asked relevant questions throughout the conversation, you didn't demonstrate reflection on the information provided. You didn't synthesize the concepts, consider alternatives, or show evidence of reassessing your understanding based on the responses you received.",Proficient,Proficient,Emerging
9583723,3a20da90-64b7-4184-b90d-312910b94f9a,Electromagnetic Induction,31492,2880752,2025-04-21,26,25,Secondary 4,426145,18777.0,"You engaged with the topic by asking a series of follow-up questions that built upon each other, moving from understanding magnet direction effects to Lenz's Law to real-world applications. Your questions showed a logical progression of thinking about electromagnetic induction concepts.",2,2,2,PHYSICS,"You demonstrated planning by asking follow-up questions that built upon previous responses. You started with ""Can you explain how the direction of the magnet affects the current?"" then followed up with ""Can you explain Lenz's Law more?"" after it was mentioned, showing you planned to deepen your understanding of concepts as they were introduced.","You showed monitoring by asking clarifying questions that followed up from LEA's responses. After LEA explained Lenz's Law and mentioned electric generators, you asked ""How does this relate to electric generators?"" demonstrating you were tracking the connection between concepts and seeking to understand the relationship.","You demonstrated reflection by asking ""What are some examples of generators in real life?"" at the end of a logical flow of questions about electromagnetic induction, Lenz's Law, and generators. This showed you were considering how the theoretical concepts apply to practical situations, reflecting on the broader implications of what you learned.",Proficient,Proficient,Proficient
9583723,3a20da90-64b7-4184-b90d-312910b94f9a,Electromagnetic Induction,31492,2880752,2025-04-21,26,25,Secondary 4,441007,None,You did not interact with the chatbot.,0,0,0,PHYSICS,You did not interact with the chatbot.,You did not interact with the chatbot.,You did not interact with the chatbot.,Not Observed,Not Observed,Not Observed
9583723,3a20da90-64b7-4184-b90d-312910b94f9a,Electromagnetic Induction,31492,2880752,2025-04-21,26,25,Secondary 4,401644,18759.0,"You asked a series of questions about electromagnetic induction, focusing on different aspects like why bulbs light up, voltmeter readings, and electricity generation. However, your questions were mostly disconnected from each other and didn't build upon the chatbot's previous responses.",1,1,1,PHYSICS,"You did not demonstrate planning of your thinking strategies. Your questions ""why does the bulb light up when the magnet is pushed into the coil?"", ""why does the volmeter show a reading when the magnet is pushed into the coil?"", and ""why is the voltmeter reading negative when the north pole is pushed into the coil?"" were disconnected and did not follow up on each other in an organized manner.","You did not show evidence of monitoring your understanding. Your questions did not follow up from the chatbot's responses - instead, you asked new, unrelated questions without building on the explanations provided about magnetic field changes and Lenz's Law.","You did not demonstrate reflection on your learning. You did not ask follow-up questions that built on previous explanations, nor did you show any consideration of alternatives or connections between the concepts discussed.",Emerging,Emerging,Emerging
9583723,3a20da90-64b7-4184-b90d-312910b94f9a,Electromagnetic Induction,31492,2880752,2025-04-21,26,25,Secondary 4,420678,18772.0,"You asked several questions about electromagnetic induction, but your questions were mostly disconnected from each other and didn't build on the chatbot's responses. You showed some curiosity about the topic but didn't engage in deeper follow-up or reflection on the concepts presented.",1,1,1,PHYSICS,"You asked multiple questions about electromagnetic induction, but they were largely disconnected from each other. Your questions like ""How is voltage generated"" and ""What is the role of the magnetic field in generating electricity?"" didn't build on previous responses or show organized thinking strategies.","You didn't ask follow-up questions that built on the chatbot's responses. When LEA explained concepts like Faraday's Law and how generators work, you moved to different topics rather than checking your understanding of what was just explained.","You didn't demonstrate reflection on the concepts discussed. You repeated a question about maintaining constant electricity supply without connecting it to the previous explanations about generators, and didn't explore alternative approaches or make connections between the different concepts presented.",Emerging,Emerging,Emerging
9583723,3a20da90-64b7-4184-b90d-312910b94f9a,Electromagnetic Induction,31492,2880752,2025-04-21,26,25,Secondary 4,415342,18791.0,You asked a direct question about electromagnetic induction but did not engage in follow-up questioning or demonstrate deeper thinking strategies throughout the brief conversation.,1,1,1,PHYSICS,"You did not demonstrate planning behaviors. While you asked ""Explain why does the bulb light up when the magnet is pushed into the coil?"", this was a single, direct question without any follow-up questions or organized approach to understanding the topic.","You did not show monitoring behaviors. After LEA provided a detailed explanation of electromagnetic induction, you did not ask any follow-up questions to check your understanding or clarify any aspects of the response.","You did not demonstrate reflection behaviors. The conversation ended without you reflecting on the explanation provided, asking ""what if"" questions, or considering alternative approaches to understanding electromagnetic induction.",Emerging,Emerging,Emerging
9583723,3a20da90-64b7-4184-b90d-312910b94f9a,Electromagnetic Induction,31492,2880752,2025-04-21,26,25,Secondary 4,434104,18761.0,"You demonstrated strong questioning skills throughout the conversation, asking a series of related questions about electromagnetic induction. Your questions showed a logical progression from understanding the role of magnet speed to exploring voltage effects, electricity conduction, and magnetic field strength.",2,2,2,PHYSICS,"You showed planning by asking follow-up questions that built upon previous responses. After asking ""What role does the speed of the magnet play in this process?"" you then followed up with ""How does the positive or negative reading of the voltage affect the current or the brightness of the bulb?"" which connected to the LEA's explanation about speed affecting current and brightness.","You demonstrated monitoring by asking questions that followed up from the chatbot's responses. After LEA explained about voltage direction and brightness, you asked ""Why does the magnet light up the bulb when it is pushed into the coil?"" seeking deeper understanding of the fundamental mechanism, and later asked ""How is electricity conducted in this set up?"" to clarify the process further.","You showed reflection at the end of the logical flow by asking ""If the magnet has a stronger magnetic field, does the brightness of the bulb increase?"" This question demonstrated your ability to synthesize the previous discussion about speed, voltage, and current to consider how another variable (magnetic field strength) might affect the outcome.",Proficient,Proficient,Proficient
9583723,3a20da90-64b7-4184-b90d-312910b94f9a,Electromagnetic Induction,31492,2880752,2025-04-21,26,25,Secondary 4,436123,18764.0,"You started with uncertainty about electromagnetic induction but gradually engaged with the topic. You asked a practical question about improving the apparatus and made a connection about distance affecting brightness, showing some development in your understanding.",1,2,1,PHYSICS,"You did not demonstrate planning behaviors in this conversation. Your responses were mostly brief expressions of uncertainty (""I'm not sure"", ""Not sure"") without asking clarifying questions about the task or rules to help organize your thinking approach.","You showed monitoring behavior when you asked ""How do I improve on the apparatus such that the Bulb always lights up"" - this question followed up from LEA's explanation about magnetic field changes and demonstrated you were checking your understanding by seeking ways to apply the concept practically.","While you made a connection about distance and brightness with ""The closer the distance from magnet and coil, the brighter the bulb?"", this was a direct response to LEA's prompt rather than independent reflection. You did not demonstrate behaviors like considering alternatives, reassessing conclusions, or asking ""what if"" questions that would indicate deeper reflective thinking.",Emerging,Proficient,Emerging
9583723,3a20da90-64b7-4184-b90d-312910b94f9a,Electromagnetic Induction,31492,2880752,2025-04-21,26,25,Secondary 4,421447,18768.0,"You engaged with the topic by asking a series of questions about electromagnetic induction, starting with Faraday's law and then following up with more specific questions about the mechanisms involved. However, your questions remained at a basic level without showing deeper planning, monitoring of your understanding, or reflection on the concepts.",1,1,1,PHYSICS,"You asked several questions about electromagnetic induction, but they were not organized or building systematically on each other. Your questions ""What is Faraday's law of electromagnetic induction?"", ""Can you explain how the changing magnetic field creates electricity?"", and ""Can you explain the role of the coil in this process?"" were basic clarifying questions that did not demonstrate strategic planning of your learning approach.","You did not demonstrate checking your understanding during the learning process. Your final message ""farady law of induction"" appeared to be a simple repetition rather than monitoring your comprehension or asking follow-up questions to clarify your understanding of the concepts being explained.","You did not show evidence of reflecting on the information provided or considering alternative approaches. You did not ask ""what if"" questions, make connections between concepts, or demonstrate any form of deeper reflection on the electromagnetic induction principles being discussed.",Emerging,Emerging,Emerging
9583723,3a20da90-64b7-4184-b90d-312910b94f9a,Electromagnetic Induction,31492,2880752,2025-04-21,26,25,Secondary 4,436599,18754.0,"You engaged with the topic by asking a series of questions about electromagnetic induction, progressing from basic concepts to more complex mathematical formulations. Your questions showed curiosity about the underlying principles and practical applications of Faraday's Law.",2,2,1,PHYSICS,"You demonstrated planning by asking strategic questions that built upon each other. You started with ""What is Faraday's Law of electromagnetic induction?"" then followed up with ""If you rapidly push and pull a magnet into a coil, what would happen"" and finally asked ""does faraday's law have a mathematical equation? If so, how is it derived?"" This sequence shows you planned your learning by progressing from basic concepts to practical applications to mathematical understanding.","You showed monitoring by asking follow-up questions that built on LEA's responses. After learning about Faraday's Law, you asked about what happens with rapid movement, demonstrating you were checking your understanding by exploring variations of the concept. You then asked about the mathematical equation, showing you were monitoring whether you understood the complete picture of the law.","While you asked good questions throughout the conversation, you did not demonstrate clear reflection on your learning or consider alternative approaches. Your questions were primarily seeking new information rather than reflecting on what you had learned or asking ""what if"" scenarios that would indicate deeper reflection on the concepts.",Proficient,Proficient,Emerging
9583723,3a20da90-64b7-4184-b90d-312910b94f9a,Electromagnetic Induction,31492,2880752,2025-04-21,26,25,Secondary 4,421890,18693.0,"You engaged with the topic by asking a series of questions about electromagnetic induction, but your questions remained disconnected from each other and didn't build upon the chatbot's responses. You showed curiosity about the topic but didn't demonstrate deeper thinking strategies or reflection on your understanding.",1,1,1,PHYSICS,"You asked several questions about electromagnetic induction including ""What is Faraday's Law of electromagnetic induction?"", ""What happens if the magnet is moved faster?"", and ""What happens if the magnet is pulled out of the coil quickly?"", but these questions were disconnected and didn't follow up on each other in an organized manner. You didn't build upon your earlier questions or show strategic planning in your inquiry approach.","You didn't ask any questions that followed up from the chatbot's responses to check your understanding. When LEA explained Faraday's Law and asked you to think about how it applies, you moved on to ask about magnet speed instead of engaging with the explanation. You didn't demonstrate monitoring of your comprehension throughout the conversation.","You didn't show any reflective thinking or attempt to synthesize the information provided. When LEA asked follow-up questions like ""Why do you think moving the magnet faster affects the electricity produced?"" and ""Why do you think the direction of the current might change when the magnet is pulled out?"", you didn't engage with these reflective prompts or demonstrate consideration of alternatives or connections.",Emerging,Emerging,Emerging
9583723,3a20da90-64b7-4184-b90d-312910b94f9a,Electromagnetic Induction,31492,2880752,2025-04-21,26,25,Secondary 4,412537,18755.0,"You engaged with the topic by asking a series of related questions about electromagnetic induction, building from basic voltage readings to more specific aspects like polarity and magnetic poles. Your questions showed a logical progression as you sought to understand different components of the phenomenon.",2,2,1,PHYSICS,"You demonstrated planning by asking follow-up questions that built upon previous responses. You started with ""Can you explain why the voltmeter shows a reading?"" then followed up with ""Why are there positive and negative readings"" and ""Why do south and north poles produce positive and negative voltages respectively,"" showing an organized approach to understanding the concept step by step.","You showed monitoring by asking follow-up questions that directly built on LEA's previous explanations. After learning about voltage readings, you asked ""Why are there positive and negative readings,"" and after learning about polarity, you asked ""Why do south and north poles produce positive and negative voltages respectively,"" demonstrating that you were tracking and building upon the information provided.","While you asked several related questions throughout the conversation, you did not demonstrate clear reflection behaviors such as considering alternatives, reassessing conclusions, or making connections to broader concepts. Your final question ""why does the bulb light up when the magnet is pushed into the coil?"" returned to the original topic without showing deeper reflection on the learning process.",Proficient,Proficient,Emerging
9583723,3a20da90-64b7-4184-b90d-312910b94f9a,Electromagnetic Induction,31492,2880752,2025-04-21,26,25,Secondary 4,589066,18773.0,"You engaged with the topic by asking a series of related questions about electromagnetic induction, building from basic voltage changes to more complex concepts like direction and mathematical representation. Your questions showed a logical progression as you explored different aspects of how magnets affect voltage in the system.",2,2,1,PHYSICS,"You demonstrated planning by asking follow-up questions that built upon previous responses. You started with ""Can you explain how the voltage changes when the magnet moves?"" then followed up with ""What happens if the magnet moves slower?"" and ""How does the direction of the magnet affect the voltage?"" showing you were systematically exploring different aspects of the topic.","You showed monitoring by asking questions that directly followed from LEA's explanations. After learning about speed affecting voltage, you asked ""What happens if the magnet moves slower?"" and after understanding that concept, you progressed to ask ""How does the direction of the magnet affect the voltage?"" demonstrating you were tracking your understanding and building upon it.","While you asked a logical sequence of questions, you did not demonstrate clear reflection on your learning or consider alternative approaches. Your final request ""Can you give me a mathematical representation"" showed interest in deeper understanding but did not include reflective thinking about what you had learned or how concepts connected.",Proficient,Proficient,Emerging
9583723,3a20da90-64b7-4184-b90d-312910b94f9a,Electromagnetic Induction,31492,2880752,2025-04-21,26,25,Secondary 4,402165,18774.0,"You engaged with the topic by asking several questions about electromagnetic induction, but your questions were mostly disconnected from each other and didn't build upon the chatbot's responses. You showed curiosity about different aspects of the topic but didn't demonstrate organized thinking or reflection on the concepts being discussed.",1,1,1,PHYSICS,"You asked several questions throughout the conversation, but they were largely disconnected and didn't follow up on each other in an organized manner. Your questions jumped between different topics (bulb lighting, voltmeter readings, generators, Lenz's law, Fleming's rules) without building upon previous responses, which indicates a lack of strategic planning in your learning approach.","You didn't demonstrate checking your understanding or following up on the chatbot's explanations. When LEA explained concepts like electromagnetic induction or Lenz's Law, you moved on to new topics rather than asking clarifying questions or indicating whether you understood the explanations provided.","You didn't show evidence of reflecting on the concepts or making connections between different ideas. You didn't ask 'what if' questions, consider alternatives, or demonstrate thinking about how the different concepts (electromagnetic induction, Lenz's Law, Fleming's rules) relate to each other, despite the chatbot providing opportunities for such reflection.",Emerging,Emerging,Emerging
9583723,3a20da90-64b7-4184-b90d-312910b94f9a,Electromagnetic Induction,31492,2880752,2025-04-21,26,25,Secondary 4,402000,18767.0,"You engaged with the topic by asking a clarifying question about the specific phenomenon presented. However, you did not demonstrate deeper metacognitive behaviors such as monitoring your understanding or reflecting on the explanation provided.",1,1,1,PHYSICS,"You asked one clarifying question ""Can you explain why the bulb lights up when a magnet is pushed into a coil?"" but this was essentially repeating the example already provided by LEA rather than showing organized thinking or follow-up questions that build on each other.","You did not ask any follow-up questions after receiving LEA's explanation about electromagnetic induction, showing no evidence of checking your understanding or monitoring your learning progress.","You did not respond to LEA's final question ""What do you think about how this process works?"" and showed no evidence of reflecting on the explanation, considering alternatives, or connecting the concept to other ideas.",Emerging,Emerging,Emerging
9583723,3a20da90-64b7-4184-b90d-312910b94f9a,Electromagnetic Induction,31492,2880752,2025-04-21,26,25,Secondary 4,404361,18762.0,"You engaged with the topic by asking several questions about electromagnetic induction, but your questions were mostly disconnected from each other. You didn't build upon the chatbot's responses or show evidence of monitoring your understanding or reflecting on the concepts presented.",1,1,1,PHYSICS,"You asked several questions throughout the conversation, but they were largely disconnected and didn't follow up on each other in an organized manner. Your questions like ""Why does the bulb light up when the magnet is pushed into the coil?"" and ""Why does the volmeter show a reading when the magnet is pushed into the coil?"" were similar but didn't build upon previous responses, indicating a lack of strategic planning in your questioning approach.",You didn't demonstrate checking your understanding during the learning process. Your questions didn't follow up on the chatbot's explanations or show that you were monitoring whether you understood the concepts being explained. Each question appeared to be independent rather than building on the previous responses you received.,"You didn't show evidence of reflecting on the concepts or considering alternative approaches. Your final question ""Explain Lenz law"" was a request for information rather than a reflective inquiry that demonstrated thinking about the relationships between concepts or considering different perspectives on the material.",Emerging,Emerging,Emerging
9583723,3a20da90-64b7-4184-b90d-312910b94f9a,Electromagnetic Induction,31492,2880752,2025-04-21,26,25,Secondary 4,525897,18763.0,"You engaged with the topic by asking a series of related questions about electromagnetic induction, building from basic voltage generation to more complex concepts like Faraday's Law and real-world applications. Your questions showed a logical progression through the topic, demonstrating systematic thinking about the subject matter.",2,2,1,PHYSICS,"You demonstrated planning by asking follow-up questions that built upon previous responses. You started with ""Can you explain how the voltage is generated?"" then followed up with ""Can you explain the role of the coil in this process?"" and continued with ""Can you explain Faraday's Law in more detail?"" before asking ""Can you explain how generators use this principle?"" This sequence shows you were organizing your learning by systematically exploring different aspects of electromagnetic induction.","You showed monitoring by asking follow-up questions that directly built on LEA's previous explanations. After LEA explained voltage generation and mentioned Faraday's Law, you asked ""Can you explain Faraday's Law in more detail?"" Then after learning about the law, you asked ""Can you explain how generators use this principle?"" This demonstrates you were tracking your understanding and seeking clarification on concepts as they were introduced.","While you asked a logical sequence of questions, you did not demonstrate reflective behaviors such as considering alternatives, making connections to other concepts, or reassessing your understanding. Your questions were primarily requests for explanation rather than reflective inquiries that would indicate deeper processing of the material.",Proficient,Proficient,Emerging
9583723,3a20da90-64b7-4184-b90d-312910b94f9a,Electromagnetic Induction,31492,2880752,2025-04-21,26,25,Secondary 4,835916,18765.0,"You asked several questions about electromagnetic induction and generators, but your questions were mostly disconnected from each other and didn't build on the chatbot's responses. You showed some curiosity about the topic but didn't demonstrate deeper thinking about your own understanding.",1,1,1,PHYSICS,"You asked multiple questions throughout the conversation, but they were largely disconnected from each other and didn't show organized thinking. Your questions jumped from ""Can you explain why the bulb lights up?"" to ""Can you explain how generators work?"" to ""What are some real-life examples of generators?"" without building on previous responses or showing strategic planning of your learning approach.","You didn't demonstrate checking your understanding during the conversation. When LEA provided explanations, you moved on to new topics rather than following up to clarify or confirm your comprehension. For example, after LEA explained how the bulb lights up, you immediately asked about generators instead of engaging with that explanation.","You didn't show evidence of reflecting on the information provided or considering alternative approaches. Your final question ""Why the bulb lighted up when the magnet is pulled out"" repeated a concept LEA had already addressed, suggesting you weren't synthesizing or building on the previous explanations to deepen your understanding.",Emerging,Emerging,Emerging
9583723,3a20da90-64b7-4184-b90d-312910b94f9a,Electromagnetic Induction,31492,2880752,2025-04-21,26,25,Secondary 4,423711,18769.0,"You asked a direct question about Faraday's law but did not engage with the chatbot's follow-up question or demonstrate deeper thinking about the concept. Your interaction remained at a basic information-seeking level without showing planning, monitoring, or reflection behaviors.",1,1,1,PHYSICS,"You asked ""What is Faraday's law of electromagnetic induction?"" but this was a single, isolated question without any follow-up or organization of your thinking strategy. You did not build upon this question or show planning for how to approach understanding the topic.","You did not ask any follow-up questions after LEA's explanation of Faraday's law, nor did you check your understanding or seek clarification about the concept. You did not respond to LEA's question about how the law relates to the bulb lighting up.",You did not reflect on the information provided by LEA or consider alternative approaches to understanding electromagnetic induction. You did not engage with LEA's follow-up question or show any reflective thinking about the concept.,Emerging,Emerging,Emerging
9583723,3a20da90-64b7-4184-b90d-312910b94f9a,Electromagnetic Induction,31492,2880752,2025-04-21,26,25,Secondary 4,402819,18775.0,"You engaged with the topic by asking a series of questions about electromagnetic induction, focusing on voltage changes and magnet direction. Your questions showed curiosity about the underlying concepts, though they remained at a basic level without deeper follow-up or reflection on the responses provided.",1,1,1,PHYSICS,"You asked several questions about electromagnetic induction, but these were disconnected inquiries rather than organized, strategic thinking. Your questions ""Can you explain how the voltage changes when the magnet moves?"", ""How does the direction of the magnet affect the voltage?"", and ""Can you explain Lenz's Law more?"" did not build upon each other in a planned sequence or show evidence of organizing your learning approach.","While you asked follow-up questions, they did not demonstrate checking your understanding of the previous responses. Your questions moved to new aspects of the topic rather than clarifying or building upon what LEA had just explained. There was no evidence of you comparing the responses with your own understanding or asking for clarification about specific points that were unclear.","You did not show evidence of reflecting on the information provided or considering alternative approaches. Your questions remained at the information-gathering level without demonstrating deeper thinking about the concepts, making connections, or exploring ""what if"" scenarios beyond the basic explanations given.",Emerging,Emerging,Emerging
9583723,3a20da90-64b7-4184-b90d-312910b94f9a,Electromagnetic Induction,31492,2880752,2025-04-21,26,25,Secondary 4,410101,18766.0,"You engaged with the topic by asking several follow-up questions about electromagnetic induction, showing curiosity about different aspects like magnet direction and Faraday's Law. However, your questions remained at a basic level without building systematically on previous responses or reflecting on your understanding.",1,1,1,PHYSICS,"You asked several questions throughout the conversation, but they were not organized or building systematically on each other. Your questions jumped between different aspects (magnet direction, Faraday's Law, current creation, N-pole position) without showing a planned approach to understanding the topic.","While you asked follow-up questions like ""Can you explain Faraday's Law more?"" and ""Why or how does it create a current,"" these did not demonstrate checking your understanding against the chatbot's explanations. Your questions appeared to be seeking new information rather than monitoring your comprehension of previously explained concepts.",You did not show evidence of reflecting on the information provided or considering alternative approaches. Your questions remained focused on gathering basic information without demonstrating deeper thinking about the concepts or connecting ideas together.,Emerging,Emerging,Emerging
9583723,3a20da90-64b7-4184-b90d-312910b94f9a,Electromagnetic Induction,31492,2880752,2025-04-21,26,25,Secondary 4,409517,18776.0,"You engaged with the topic by asking initial questions about electromagnetic induction, then followed up with a more specific question about improving the apparatus. Your questions show some progression from basic understanding to practical application.",1,2,1,PHYSICS,"You asked three questions at the start: ""Why does the bulb light up when the magnet is pushed into the coil? Why does the volmeter show a reading when the magnet is pushed into the coil? How do generators generate a constant supply of electricity?"" However, these appear to be separate, unconnected questions rather than a planned sequence building on each other.","You demonstrated monitoring by asking a follow-up question that built on LEA's explanation: ""How can you improve on the apparaus given in the simulation so that a constant supply of electricity is generated?"" This shows you were processing the information about generators and seeking to understand how to apply that knowledge practically.","While you asked a follow-up question about improving the apparatus, you did not show evidence of reflecting on alternatives, reassessing conclusions, or drawing connections to other concepts. Your final question was practical but did not demonstrate deeper reflection on the underlying principles.",Emerging,Proficient,Emerging
9583723,3a20da90-64b7-4184-b90d-312910b94f9a,Electromagnetic Induction,31492,2880752,2025-04-21,26,25,Secondary 4,415965,18788.0,"You asked a direct question about electromagnetic induction but did not engage in follow-up questioning or demonstrate deeper thinking strategies. Your interaction remained at a basic level without showing planning, monitoring, or reflection behaviors.",1,1,1,PHYSICS,"You did not demonstrate planning behaviors. While you asked ""Explain why does the bulb light up when the magnet is pushed into the coil?"", this was a single, direct question that did not show strategic thinking or follow-up planning for understanding the concept.","You did not show monitoring behaviors during the conversation. After LEA provided an explanation about electromagnetic induction, you did not ask follow-up questions to check your understanding or seek clarification about any aspects of the response.","You did not demonstrate reflection behaviors. The conversation ended without you reflecting on the explanation provided, considering alternative approaches, or making connections to other concepts you might know.",Emerging,Emerging,Emerging
9583723,3a20da90-64b7-4184-b90d-312910b94f9a,Electromagnetic Induction,31492,2880752,2025-04-21,26,25,Secondary 4,430295,18757.0,"You asked several basic questions about electromagnetic induction but didn't build upon the responses or show deeper engagement with the concepts. Your questions remained at a surface level without demonstrating planning, monitoring of your understanding, or reflection on the material.",1,1,1,PHYSICS,"You asked three separate questions: ""Why does the bulb light up?"", ""What is this used for?"", and ""What's the rule and how does it work?"" However, these questions were not connected or organized in a way that built upon each other, and they did not follow up on the detailed explanations provided by LEA.","You did not ask any follow-up questions to check your understanding of the concepts explained by LEA. After receiving detailed explanations about magnetic fields, current induction, and applications, you moved to unrelated questions rather than seeking clarification or expressing confusion about the material presented.","You did not demonstrate reflection on the electromagnetic induction concepts. There were no attempts to connect ideas, consider alternatives, or build upon the explanations provided. Your questions remained disconnected without showing deeper thinking about the relationships between the concepts.",Emerging,Emerging,Emerging
9583723,3a20da90-64b7-4184-b90d-312910b94f9a,Electromagnetic Induction,31492,2880752,2025-04-21,26,25,Secondary 4,406616,18684.0,"You demonstrated systematic questioning throughout the conversation, building from basic concepts to more complex applications. Your questions showed a logical progression from understanding generators to exploring the fundamental principles of electromagnetic induction.",2,2,2,PHYSICS,"You showed planning by asking follow-up questions that built upon previous responses. After learning about generators, you asked ""Can you explain how the coil moves in a generator?"" and then followed up with ""What happens if the coil doesn't move?"" This demonstrates organized thinking about the topic.","You monitored your understanding by asking clarifying questions that followed from LEA's responses. When LEA explained that movement is key, you asked ""Can you explain why movement is necessary for induction?"" This shows you were checking your comprehension of the concepts being discussed.","You demonstrated reflection by asking ""What are some ways to keep the coil moving continuously?"" at the end of a logical flow about movement and induction. This question showed you were thinking about practical applications and considering ""what if"" scenarios for maintaining continuous electricity generation.",Proficient,Proficient,Proficient
9583723,3a20da90-64b7-4184-b90d-312910b94f9a,Electromagnetic Induction,31492,2880752,2025-04-21,26,25,Secondary 4,428056,18690.0,"You demonstrated strong planning by asking multiple related questions about electromagnetic induction, from basic concepts to specific applications. You showed good monitoring by building on LEA's responses with follow-up questions about factors affecting electricity generation. Your reflection was evident when you connected steam turbines to electromagnetic induction principles and suggested improvements like adding more coil turns.",2,2,2,PHYSICS,"You demonstrated planning by asking a series of related questions that built upon each other. You started with basic questions ""Why does the bulb light up when the magnet is pushed into the coil?"" and ""Why does the volmeter show a reading when the magnet is pushed into the coil?"" then progressed to more specific concepts like ""What is Faraday's Law of Electromagnetic Induction?"" and ""Can you explain how Faraday's Law applies to generators?"" This shows you planned your learning by following a logical sequence from basic phenomena to underlying principles.","You showed monitoring by asking follow-up questions that built directly on LEA's responses. After learning about generators, you asked ""How does the speed of the coil affect the electricity generated?"" and then ""How does the strength of the magnet affect the electricity generated?"" These questions demonstrate you were checking your understanding by exploring different factors that influence the same process.","You demonstrated reflection by connecting concepts to real-world applications and suggesting improvements. When asked about generator types, you mentioned ""steam Turbines"" and then explained the connection: ""The steam rotates a Fan that is connected to a coil so the rotating coil causes a change in the magnetic field and thus gets induced with voltage?"" You also reflected on improvements by suggesting ""What about adding more turns in the coil"" and asking for clarification with ""Can you explain how the number of turns affects the voltage?""",Proficient,Proficient,Proficient
10855530,468d7d9c-a649-4e5f-be6c-4023a253165e,S4 Physics: Electromagnetic Induction Trigger Activity with Learning Assistant (LEA),31492,3195961,2026-05-05,33,29,Secondary 4,464981,461687.0,"You demonstrated strong metacognitive skills by asking a series of interconnected questions that built upon each other logically. You started with basic questions about the phenomenon, then progressed to deeper conceptual understanding by asking about Faraday's Law and its applications to generators.",2,3,2,PHYSICS,"You showed planning by asking multiple related questions that built upon each other: ""Why does the bulb light up when the magnet is pushed into the coil? Why does the volmeter show a reading when the magnet is pushed into the coil? How do generators generate a constant supply of electricity?"" These questions demonstrate a strategic approach to understanding the topic from basic phenomena to broader applications.","You consistently followed up on LEA's responses with deeper questions that showed you were processing the information. After learning about Faraday's Law, you asked ""Can you explain how Faraday's Law works?"" then followed with ""How does this tie into the operation of electric generators?"" and ""What is the importance of magnets in generators?"" This shows you were actively monitoring your understanding and seeking clarification on multiple interconnected concepts.","You demonstrated reflection by asking follow-up questions that connected different concepts together. Your question ""How does this tie into the operation of electric generators?"" shows you were reflecting on how the basic principle of Faraday's Law applies to real-world applications, indicating you were thinking about broader connections and implications of the concepts being discussed.",Proficient,Accomplished,Proficient
10855530,468d7d9c-a649-4e5f-be6c-4023a253165e,S4 Physics: Electromagnetic Induction Trigger Activity with Learning Assistant (LEA),31492,3195961,2026-05-05,33,29,Secondary 4,534989,461675.0,"You demonstrated strong conceptual thinking by connecting motors and generators through electromagnetic induction principles. You built upon your initial understanding by exploring the relationship between magnetic fields, current, and motion in a logical progression.",2,2,2,PHYSICS,"You showed planning by asking a clarifying question that built upon the given topic: ""In a motor, a current is used to generate a magnetic field around a wire and its interaction causes the wire to move, as such will moving it ourselves have the opposite affect and induce opposite magnetic feilds inside the wire? thus generating current?"" You then followed up with a more detailed exploration: ""When the magnetic fields of a wire and a magnet interact in a motor, there is motion, so i imagine its possible that the by doing the oppsite(moving it ourselves) we can induce a magnetic field...""","You demonstrated monitoring by building upon LEA's confirmation of your understanding. After LEA explained Faraday's Law and electromagnetic induction, you followed up by expanding your reasoning: ""When the magnetic fields of a wire and a magnet interact in a motor, there is motion, so i imagine its possible that the by doing the oppsite(moving it ourselves) we can induce a magnetic field and by inducing a magnetic field in the wire we may be able to generate a current because current usually creates the magnetic field i can imagine the opposite is possible as well.""","You showed reflection by considering alternative perspectives and making connections between related concepts. You reflected on the relationship between motors and generators, asking ""will moving it ourselves have the opposite affect"" and then elaborating on this idea by considering how ""current usually creates the magnetic field i can imagine the opposite is possible as well."" This demonstrates your ability to think about the reverse relationship and draw connections between different electromagnetic phenomena.",Proficient,Proficient,Proficient
10855530,468d7d9c-a649-4e5f-be6c-4023a253165e,S4 Physics: Electromagnetic Induction Trigger Activity with Learning Assistant (LEA),31492,3195961,2026-05-05,33,29,Secondary 4,474956,461679.0,"You engaged with the topic by asking a series of follow-up questions about generators and electromagnetic induction. Your questions showed a logical progression from basic concepts to more specific applications, demonstrating some curiosity about the subject matter.",1,2,2,PHYSICS,You repeated the initial questions provided by LEA without developing your own strategic approach to understanding the topic. Your first message simply restated the questions rather than selecting one to focus on or planning how to approach the learning.,"You asked follow-up questions that built on LEA's responses, showing you were monitoring your understanding. After LEA explained electromagnetic induction, you asked ""How does electromagnetic induction apply to generators?"" and then followed up with ""What is the difference between AC and DC generators?"" These questions demonstrate you were checking your comprehension and seeking clarification on related concepts.","At the end of the conversation, you asked ""How can you improve on the apparatus given in the simulation so that a constant supply of electricity is generated?"" This question shows you were reflecting on the practical applications and considering how the concepts could be applied to improve real-world scenarios, demonstrating some level of synthesis and application of the learned material.",Emerging,Proficient,Proficient
10855530,468d7d9c-a649-4e5f-be6c-4023a253165e,S4 Physics: Electromagnetic Induction Trigger Activity with Learning Assistant (LEA),31492,3195961,2026-05-05,33,29,Secondary 4,458006,461674.0,"You engaged with the topic by asking a series of related questions about electromagnetic induction, building from basic concepts to more specific details. Your questions showed a logical progression from understanding the fundamental relationship between magnetic fields and current to exploring specific factors like magnet strength.",2,2,1,PHYSICS,"You demonstrated planning by asking follow-up questions that built upon previous responses. After learning about electromagnetic induction, you asked ""Can you explain Faraday's Law in more detail?"" and then continued with ""Can you explain how magnetic fields affect current flow?"" showing you were strategically building your understanding step by step.","You showed monitoring by asking clarifying questions that followed up on the chatbot's explanations. When LEA mentioned Faraday's Law, you immediately asked for more detail, and after learning about magnetic fields affecting current, you asked the more specific question ""How does the strength of the magnet affect the current flow?"" demonstrating you were checking and building on your understanding.","While you asked a logical sequence of questions, you did not demonstrate reflective thinking such as considering alternatives, making connections to other concepts, or reassessing your understanding. Your questions remained focused on gathering information rather than reflecting on the implications or applications of what you learned.",Proficient,Proficient,Emerging
10855530,468d7d9c-a649-4e5f-be6c-4023a253165e,S4 Physics: Electromagnetic Induction Trigger Activity with Learning Assistant (LEA),31492,3195961,2026-05-05,33,29,Secondary 4,459255,461685.0,"You engaged with electromagnetic induction concepts by asking follow-up questions about magnetic field interactions, Faraday's Law, and Lenz's Law. Your questions showed a logical progression from basic concepts to more specific applications in generators.",2,2,2,PHYSICS,"You demonstrated planning by asking a series of connected follow-up questions. You started with ""Interaction of magnetic fields produce current in coil? Explain"" and then systematically asked ""Can you explain Faraday's Law in more detail?"" followed by ""Can you explain Lenz's Law?"" and finally ""How does Lenz's Law apply to generators?"" This shows you planned your learning by building from one concept to the next.","You monitored your understanding by asking follow-up questions that built on LEA's responses. After LEA explained Faraday's Law, you asked about Lenz's Law, and after learning about Lenz's Law, you asked ""How does Lenz's Law apply to generators?"" This shows you were checking your understanding and seeking to connect the concepts.","You reflected on the learning by asking ""How does Lenz's Law apply to generators?"" at the end of the logical flow of questions about electromagnetic induction concepts. This question showed you were thinking about how the theoretical concepts apply to practical applications, demonstrating reflection on the broader connections between the ideas you had learned.",Proficient,Proficient,Proficient
10855530,468d7d9c-a649-4e5f-be6c-4023a253165e,S4 Physics: Electromagnetic Induction Trigger Activity with Learning Assistant (LEA),31492,3195961,2026-05-05,33,29,Secondary 4,841403,461684.0,You engaged in a systematic exploration of electromagnetic induction by asking a series of related questions that built upon each other. Your questioning pattern showed you were actively monitoring your understanding and seeking to expand your knowledge through connected inquiries.,2,2,2,PHYSICS,"You demonstrated planning by asking follow-up questions that built upon previous responses. After asking ""Can you explain Faraday's Law again?"" and receiving clarification, you followed up with ""What happens if the magnet is stationary?"" which directly connected to the concept just explained. This shows you planned your learning by asking related questions in sequence.","You showed monitoring behavior when you stated ""I don't understand"" after receiving an explanation of Faraday's Law. This demonstrates you were checking your comprehension and recognized when you needed further clarification. You then followed up with specific questions like ""What happens if the magnet is stationary?"" showing you were monitoring which aspects needed more explanation.","You demonstrated reflection through your progression of questions that showed deeper thinking about the topic. After understanding the basic principle, you asked ""What is the relationship between the speed of the magnet and the current produced?"" and then extended this to ""What types of generators use this principle?"" and ""What are some real-world applications of generators?"" This sequence shows you were reflecting on the concepts and considering their broader implications and applications.",Proficient,Proficient,Proficient
10855530,468d7d9c-a649-4e5f-be6c-4023a253165e,S4 Physics: Electromagnetic Induction Trigger Activity with Learning Assistant (LEA),31492,3195961,2026-05-05,33,29,Secondary 4,457620,461672.0,"You engaged with the electromagnetic induction topic by providing brief, factual responses to the chatbot's questions. Your answers showed understanding of key concepts but were quite concise without elaborating on your thinking process or asking follow-up questions.",1,1,1,PHYSICS,You did not ask any clarifying questions about the task or demonstrate planning of your thinking strategies. You responded directly to the chatbot's prompts without seeking additional information or organizing your approach to understanding the concepts.,You did not ask questions about your learning progress or check your understanding during the activity. Your responses were brief statements without indicating whether you were following the explanations or needed clarification on any points.,"You did not reflect on alternative approaches, ask 'what if' questions, or demonstrate consideration of different perspectives. Your responses remained factual without showing reflection on the broader implications or connections to other concepts.",Emerging,Emerging,Emerging
10855530,468d7d9c-a649-4e5f-be6c-4023a253165e,S4 Physics: Electromagnetic Induction Trigger Activity with Learning Assistant (LEA),31492,3195961,2026-05-05,33,29,Secondary 4,445353,None,You did not interact with the chatbot.,0,0,0,PHYSICS,You did not interact with the chatbot.,You did not interact with the chatbot.,You did not interact with the chatbot.,Not Observed,Not Observed,Not Observed
10855530,468d7d9c-a649-4e5f-be6c-4023a253165e,S4 Physics: Electromagnetic Induction Trigger Activity with Learning Assistant (LEA),31492,3195961,2026-05-05,33,29,Secondary 4,476986,461690.0,You demonstrated strong questioning skills by asking a series of follow-up questions that built upon each other logically. Your questions showed you were actively monitoring your understanding and seeking deeper explanations about electromagnetic induction concepts.,2,2,2,PHYSICS,"You showed planning by asking follow-up questions that built upon your initial inquiry. After asking ""Why does the light bulb onlyblight up for a short period of time when the magnet is pushed through the coil,"" you followed up with ""Why does the direction of the induced current change when the magnet moves?"" and then ""What happens if you move the magnet faster?"" These questions demonstrate organized thinking as you explored different aspects of electromagnetic induction systematically.","You consistently asked follow-up questions that built upon LEA's responses, showing you were monitoring your understanding. For example, after LEA explained Lenz's Law, you asked ""What happens if you move the magnet faster?"" and then followed with ""How does this principle affect the design of generators?"" This pattern shows you were checking your comprehension and seeking clarification on related concepts.","You demonstrated reflection by asking ""How can you improve on the apparaus given in the simulation so that a constant supply of electricity is generated?"" at the end of your logical flow of questions. This question showed you were thinking beyond the basic concepts to consider practical applications and improvements, indicating reflection on the broader implications of what you had learned.",Proficient,Proficient,Proficient
10855530,468d7d9c-a649-4e5f-be6c-4023a253165e,S4 Physics: Electromagnetic Induction Trigger Activity with Learning Assistant (LEA),31492,3195961,2026-05-05,33,29,Secondary 4,443065,None,You did not interact with the chatbot.,0,0,0,PHYSICS,You did not interact with the chatbot.,You did not interact with the chatbot.,You did not interact with the chatbot.,Not Observed,Not Observed,Not Observed
10855530,468d7d9c-a649-4e5f-be6c-4023a253165e,S4 Physics: Electromagnetic Induction Trigger Activity with Learning Assistant (LEA),31492,3195961,2026-05-05,33,29,Secondary 4,472405,461671.0,"You engaged with the topic by asking follow-up questions about Faraday's Law and electromagnetic induction. Your questions showed curiosity about the underlying mechanisms, but you didn't demonstrate planning strategies or reflect on your understanding throughout the conversation.",1,2,1,PHYSICS,"You did not demonstrate planning strategies before engaging with the learning task. While you asked questions, they were not organized or building systematically on each other in a planned manner.","You demonstrated monitoring by asking follow-up questions that built on LEA's responses. After LEA explained Faraday's Law, you asked ""Can you explain how Faraday's Law works?"" and then followed up with ""Why is an e.m.f induced when there is a change in magnetic field"" which showed you were checking your understanding as the conversation progressed.","You did not demonstrate reflective thinking about your learning. While you asked questions, you didn't reflect on the information provided, consider alternative approaches, or make connections to broader concepts or your own understanding.",Emerging,Proficient,Emerging
10855530,468d7d9c-a649-4e5f-be6c-4023a253165e,S4 Physics: Electromagnetic Induction Trigger Activity with Learning Assistant (LEA),31492,3195961,2026-05-05,33,29,Secondary 4,602774,None,You did not interact with the chatbot.,0,0,0,PHYSICS,You did not interact with the chatbot.,You did not interact with the chatbot.,You did not interact with the chatbot.,Not Observed,Not Observed,Not Observed
10855530,468d7d9c-a649-4e5f-be6c-4023a253165e,S4 Physics: Electromagnetic Induction Trigger Activity with Learning Assistant (LEA),31492,3195961,2026-05-05,33,29,Secondary 4,437529,None,You did not interact with the chatbot.,0,0,0,PHYSICS,You did not interact with the chatbot.,You did not interact with the chatbot.,You did not interact with the chatbot.,Not Observed,Not Observed,Not Observed
10855530,468d7d9c-a649-4e5f-be6c-4023a253165e,S4 Physics: Electromagnetic Induction Trigger Activity with Learning Assistant (LEA),31492,3195961,2026-05-05,33,29,Secondary 4,468771,461697.0,"You engaged with the topic by asking initial questions about electromagnetic induction, but your questions were mostly disconnected from each other. You showed some curiosity by asking follow-up questions, but didn't build systematically on the responses you received.",1,2,1,PHYSICS,"You asked questions about electromagnetic induction like ""Why does the bulb light up when the magnet is pushed into the coil?"" and ""but if i move a magnet in the air why isn't the air charged,"" but these questions were not connected or organized in a way that showed strategic planning of your learning approach.","You demonstrated monitoring by asking a follow-up question ""but if i move a magnet in the air why isn't the air charged"" that built directly on LEA's explanation about electromagnetic induction, showing you were checking your understanding by exploring the boundaries of the concept.","While you asked questions throughout the conversation, you didn't show evidence of reflecting on the responses or drawing connections between different aspects of electromagnetic induction. Your final question about desalination was unrelated to the ongoing discussion and didn't demonstrate reflective thinking about the core concepts.",Emerging,Proficient,Emerging
10855530,468d7d9c-a649-4e5f-be6c-4023a253165e,S4 Physics: Electromagnetic Induction Trigger Activity with Learning Assistant (LEA),31492,3195961,2026-05-05,33,29,Secondary 4,434785,461677.0,You demonstrated strong planning by asking a series of related questions about electromagnetic induction concepts. You showed good monitoring by building on previous responses with follow-up questions. Your reflection was evident when you connected the concepts to practical applications by asking about improving the apparatus.,2,2,2,PHYSICS,"You showed planning by asking a sequence of related questions that built upon each other. You started with ""Can you explain Faraday's Law in detail?"" then followed up with ""Why does the light bulb light up even when there is no battery"" and ""Can you explain Lenz's Law?"" These questions demonstrate that you were strategically building your understanding of electromagnetic induction concepts.","You demonstrated monitoring by asking follow-up questions that built on the chatbot's previous responses. After learning about Faraday's Law and Lenz's Law separately, you asked ""What is the relationship between Faraday's Law and Lenz's Law?"" This shows you were checking your understanding and seeking to connect the concepts you had just learned about.","You showed reflection at the end of your logical flow of questions about electromagnetic induction by asking ""How can you improve on the apparaus given in the simulation so that a constant supply of electricity is generated?"" This question demonstrates that you were thinking beyond the basic concepts to consider practical applications and improvements, showing reflection on how the principles could be applied.",Proficient,Proficient,Proficient
10855530,468d7d9c-a649-4e5f-be6c-4023a253165e,S4 Physics: Electromagnetic Induction Trigger Activity with Learning Assistant (LEA),31492,3195961,2026-05-05,33,29,Secondary 4,728367,461676.0,You engaged with the topic by asking clarifying questions about electromagnetic induction. You demonstrated some understanding by building on the initial explanation and asking a follow-up question about charge movement in the solenoid.,1,2,1,PHYSICS,"You asked clarifying questions about the task, but these were not organized or building systematically on each other. Your questions ""Can you explain why the bulb lights up with the magnet?"" and ""Does charges in the solenoid move when the magnet is inserted in the solenoid causing a current to be generated?"" were separate inquiries rather than a planned sequence of thinking strategies.","You demonstrated monitoring by asking a follow-up question ""Does charges in the solenoid move when the magnet is inserted in the solenoid causing a current to be generated?"" that built directly on LEA's explanation about electromagnetic induction and changing magnetic fields, showing you were checking your understanding of the underlying mechanism.","You did not demonstrate reflection behaviors such as considering alternatives, reassessing conclusions, or asking ""what if"" questions. Your questions were focused on understanding the basic mechanism rather than reflecting on broader implications or connections.",Emerging,Proficient,Emerging
10855530,468d7d9c-a649-4e5f-be6c-4023a253165e,S4 Physics: Electromagnetic Induction Trigger Activity with Learning Assistant (LEA),31492,3195961,2026-05-05,33,29,Secondary 4,457903,461692.0,You demonstrated strong curiosity about electromagnetic induction by asking a series of follow-up questions that built upon each other. Your questions showed you were actively thinking about the concepts and making connections between theory and practical applications.,2,3,2,PHYSICS,"You showed planning by asking follow-up questions that built upon your earlier inquiries. You started with ""Why does the light bulb light up when the magnet is pushed into the coil"" and then followed up with ""Who is faraday"" and ""Can you explain more about Faraday's experiments?"" demonstrating organized thinking about the topic.","You demonstrated strong monitoring by asking multiple follow-up questions that built on LEA's responses. You asked ""Does the speed of which the magnet is moved affect the amount of e.m.f"" after learning about the relationship between movement and e.m.f., and then explored this further with ""Hypothetically let's say I have a magnet moving near me at speeds of 3x10^8 will i be electrocuted"" showing you were testing your understanding against the explanations provided.","You showed reflection by connecting the theoretical concepts to practical applications at the end of your conversation, asking ""How does this relate to generators in practical applications?"" This demonstrated you were thinking about how the electromagnetic induction principles you learned could be applied in real-world contexts.",Proficient,Accomplished,Proficient
10855530,468d7d9c-a649-4e5f-be6c-4023a253165e,S4 Physics: Electromagnetic Induction Trigger Activity with Learning Assistant (LEA),31492,3195961,2026-05-05,33,29,Secondary 4,445123,461790.0,"You engaged with the topic by asking a specific question about the voltmeter reading when the magnet moves. However, you did not follow up on the chatbot's explanation or connect it to broader concepts like Faraday's Law.",1,1,1,PHYSICS,"You did not demonstrate planning strategies. While you asked ""Can you explain why the voltmeter shows a reading when the magnet moves?"", this was a single isolated question without any follow-up or organized approach to understanding the concept.","You did not show evidence of monitoring your understanding. Although you asked a question about the voltmeter, you did not follow up on LEA's explanation or check your comprehension of the response provided.","You did not demonstrate reflective thinking. When LEA explained the concept and asked how it relates to Faraday's Law, you did not respond or reflect on the explanation provided.",Emerging,Emerging,Emerging
10855530,468d7d9c-a649-4e5f-be6c-4023a253165e,S4 Physics: Electromagnetic Induction Trigger Activity with Learning Assistant (LEA),31492,3195961,2026-05-05,33,29,Secondary 4,468670,461728.0,"You engaged with the topic by asking a specific technical question about creating constant magnetic flux change. However, you did not follow up on the chatbot's response or demonstrate deeper reflection on the concepts discussed.",1,1,1,PHYSICS,"You asked one specific question about mechanisms for creating constant magnetic flux change, but did not demonstrate strategic planning by asking follow-up questions or building on your initial inquiry in an organized manner.","You did not ask any follow-up questions after receiving the chatbot's explanation about generators and rotational motion, showing no evidence of checking your understanding or monitoring your learning progress.",You did not reflect on the chatbot's response about generators or consider alternative approaches. There was no evidence of you reassessing your understanding or drawing connections to broader concepts.,Emerging,Emerging,Emerging
10855530,468d7d9c-a649-4e5f-be6c-4023a253165e,S4 Physics: Electromagnetic Induction Trigger Activity with Learning Assistant (LEA),31492,3195961,2026-05-05,33,29,Secondary 4,443089,461681.0,You demonstrated strong curiosity about electromagnetic induction by asking a series of connected questions that built upon each other. Your questions showed you were actively thinking about the topic and seeking to understand both the basic principles and real-world applications.,2,2,2,PHYSICS,"You showed planning by asking follow-up questions that built upon your earlier inquiries. After asking ""Why does the bulb light up when the magnet is pushed into the coil?"" you followed up with ""Why does it only light up for a small period of time"" which directly connected to your initial question, demonstrating organized thinking about the phenomenon.","You demonstrated monitoring by asking questions that followed up from LEA's responses. After learning about electromagnetic induction applications, you asked ""Why is electromagnetic induction so widely used?"" and then ""How does generators work"" showing you were processing the information and seeking deeper understanding of the concepts presented.","You showed reflection through your final question ""How can I get a constant supply of electricity generated?"" which came at the end of a logical flow about generators and transformers. This question demonstrated you were thinking beyond the basic concepts to practical applications, showing reflective thinking about how the principles could be applied.",Proficient,Proficient,Proficient
10855530,468d7d9c-a649-4e5f-be6c-4023a253165e,S4 Physics: Electromagnetic Induction Trigger Activity with Learning Assistant (LEA),31492,3195961,2026-05-05,33,29,Secondary 4,450179,461688.0,"You engaged with the topic of electromagnetic induction by asking a series of related questions that built upon each other. Your questions showed a logical progression from understanding basic concepts to exploring more complex applications, demonstrating systematic thinking about the subject matter.",2,2,2,PHYSICS,"You demonstrated planning by asking follow-up questions that built upon previous responses. After learning about the voltmeter reading when the magnet enters the coil, you asked ""What happens to the voltmeter reading when the magnet moves out?"" This shows you were systematically exploring different aspects of the phenomenon rather than asking random questions.","You showed monitoring behavior by asking questions that followed up from LEA's responses. After LEA explained the basic voltmeter concept, you asked about what happens when the magnet moves out. Then after learning about generators, you asked ""Can you explain Faraday's Law of electromagnetic induction?"" showing you were checking your understanding by seeking deeper explanations of the underlying principles.","You demonstrated reflection at the end of the conversation by asking ""What can i do a yield a constant emf"" after learning about Faraday's Law. This question shows you were thinking about practical applications and considering how the concepts could be applied, representing a reflective follow-up to the logical flow of learning about electromagnetic induction.",Proficient,Proficient,Proficient
10855530,468d7d9c-a649-4e5f-be6c-4023a253165e,S4 Physics: Electromagnetic Induction Trigger Activity with Learning Assistant (LEA),31492,3195961,2026-05-05,33,29,Secondary 4,534998,461670.0,"You engaged with the topic by asking a series of follow-up questions about electromagnetic concepts. Your questions showed a logical progression from basic understanding to more complex relationships between scientific laws, demonstrating curiosity about the underlying principles.",2,2,1,PHYSICS,"You demonstrated planning by asking follow-up questions that built upon previous responses. After learning about electromagnetic induction, you asked ""Can you explain Faraday's Law?"" and then followed up with ""How does Lenz's Law relate to Faraday's Law?"" showing you were organizing your understanding by connecting related concepts.","You showed monitoring behavior by asking clarifying questions that followed from LEA's responses. When LEA mentioned electromagnetic induction, you immediately asked ""Whats electromagnetic induction"" to check your understanding. Later, after LEA explained the relationship between Faraday's and Lenz's Laws, you asked ""Whats Lenz Law"" to further clarify your comprehension.","While you asked several related questions in sequence, you did not demonstrate reflective thinking such as considering alternatives, making connections to broader concepts, or reassessing your understanding. Your questions remained focused on gathering information rather than reflecting on the implications or applications of the concepts.",Proficient,Proficient,Emerging
10855530,468d7d9c-a649-4e5f-be6c-4023a253165e,S4 Physics: Electromagnetic Induction Trigger Activity with Learning Assistant (LEA),31492,3195961,2026-05-05,33,29,Secondary 4,472490,None,You did not interact with the chatbot.,0,0,0,PHYSICS,You did not interact with the chatbot.,You did not interact with the chatbot.,You did not interact with the chatbot.,Not Observed,Not Observed,Not Observed
10855530,468d7d9c-a649-4e5f-be6c-4023a253165e,S4 Physics: Electromagnetic Induction Trigger Activity with Learning Assistant (LEA),31492,3195961,2026-05-05,33,29,Secondary 4,443846,461673.0,"You engaged with the topic by asking a series of clarifying questions about electromagnetic induction concepts. Your questions showed a logical progression from Faraday's Law to magnetic flux to broader laws, demonstrating some organization in your learning approach.",2,2,1,PHYSICS,"You demonstrated planning by asking follow-up questions that built upon previous responses. You started with ""Can you explain Faraday's Law again?"" then followed up with ""What is magnetic flux"" after LEA mentioned it in the explanation, and later asked ""What are the laws relevant to electromagnetic induction"" showing organized progression through related concepts.","You showed monitoring by asking follow-up questions based on LEA's responses. After LEA explained magnetic flux, you asked ""Can you give examples of magnetic flux in everyday life?"" and later when LEA mentioned Lenz's Law, you asked ""What on god's green earth is lenz's law"" indicating you were tracking the conversation and identifying gaps in your understanding.","While you asked several questions throughout the conversation, you did not demonstrate reflection behaviors such as considering alternatives, reassessing conclusions, or making connections between concepts. Your questions were primarily seeking information rather than reflecting on your understanding or exploring different perspectives.",Proficient,Proficient,Emerging
10855530,468d7d9c-a649-4e5f-be6c-4023a253165e,S4 Physics: Electromagnetic Induction Trigger Activity with Learning Assistant (LEA),31492,3195961,2026-05-05,33,29,Secondary 4,472139,461686.0,"You engaged in a focused exploration of electromagnetic induction by asking a series of connected questions. You demonstrated curiosity about the underlying mechanisms, progressing from basic phenomena to deeper theoretical concepts like Faraday's Law and Lenz's Law.",2,2,1,PHYSICS,"You demonstrated planning by asking follow-up questions that built upon previous responses. After learning about electromagnetic induction, you asked ""Can you explain how Faraday's Law works?"" and then followed up with ""but why change in magnetic flux cause emf"" to deepen your understanding, showing organized thinking about the topic.","You showed monitoring behavior by asking ""but why change in magnetic flux cause emf"" which directly followed up on LEA's explanation of Faraday's Law, indicating you were checking your understanding and seeking clarification about the underlying mechanism.","While you asked good follow-up questions throughout the conversation, you did not demonstrate reflective behaviors such as considering alternatives, reassessing conclusions, or making connections to other concepts. Your questions remained focused on seeking explanations rather than reflecting on the implications or applications of the concepts.",Proficient,Proficient,Emerging
10855530,468d7d9c-a649-4e5f-be6c-4023a253165e,S4 Physics: Electromagnetic Induction Trigger Activity with Learning Assistant (LEA),31492,3195961,2026-05-05,33,29,Secondary 4,453232,461669.0,"You engaged with the topic by asking specific questions about electromagnetic induction concepts, but your approach was more focused on gathering information rather than exploring your own understanding or building upon previous responses.",1,1,1,PHYSICS,"You asked questions about Faraday's Law and Lenz's Law, but these were separate, unconnected questions rather than a planned sequence that built upon each other or followed up on your earlier interactions.","While you asked questions during the learning process, they did not follow up on LEA's responses or show that you were checking your understanding of the explanations provided about electromagnetic induction.",You did not demonstrate reflection on the concepts discussed or consider how the different laws might connect to each other or to the original bulb and magnet scenario presented.,Emerging,Emerging,Emerging
10855530,468d7d9c-a649-4e5f-be6c-4023a253165e,S4 Physics: Electromagnetic Induction Trigger Activity with Learning Assistant (LEA),31492,3195961,2026-05-05,33,29,Secondary 4,534986,461678.0,"You engaged with the topic by asking multiple questions about electromagnetic induction, but your questions were mostly repetitive and didn't build upon the chatbot's responses. You showed some curiosity about practical applications but didn't demonstrate deeper reflection on the concepts.",1,1,1,PHYSICS,"You asked several questions about electromagnetic induction, but they were largely repetitive rather than building upon each other in an organized manner. Your questions ""Why does the bulb light up when the magnet is pushed into the coil?"" appeared multiple times without following up on the detailed explanations provided.","You did not demonstrate checking your understanding by following up on the chatbot's explanations. When LEA provided detailed answers about electromagnetic induction, you repeated the same question rather than asking clarifying questions about the concepts explained.","You did not show evidence of reflecting on the concepts or considering alternative approaches. Your questions about ""the ultimate set up"" and ""constant supply of electricity"" were new topics rather than reflective follow-ups that built upon the previous discussion about electromagnetic induction principles.",Emerging,Emerging,Emerging
10855530,468d7d9c-a649-4e5f-be6c-4023a253165e,S4 Physics: Electromagnetic Induction Trigger Activity with Learning Assistant (LEA),31492,3195961,2026-05-05,33,29,Secondary 4,449526,461682.0,You engaged with the topic by asking for explanations and then followed up with two related questions about magnetic fields and current flow. Your questions showed a logical progression from understanding the basic concepts to exploring the underlying mechanisms.,2,2,1,PHYSICS,"You demonstrated planning by first asking ""Can you explain 1,2 and 3"" to get foundational understanding, then following up with ""How is the magnetic field affected"" and ""How does current flow when magnetic field is affected."" These questions show you planned to build understanding step-by-step, moving from basic explanations to deeper mechanisms.","You showed monitoring by asking follow-up questions that built on LEA's responses. After receiving the initial explanation, you asked ""How is the magnetic field affected"" and then ""How does current flow when magnetic field is affected,"" demonstrating you were checking your understanding and seeking clarification on specific aspects.","While you asked follow-up questions, you did not demonstrate reflection behaviors such as considering alternatives, reassessing conclusions, or connecting concepts to broader ideas. Your questions were focused on seeking information rather than reflecting on your understanding or exploring different perspectives.",Proficient,Proficient,Emerging
10855530,468d7d9c-a649-4e5f-be6c-4023a253165e,S4 Physics: Electromagnetic Induction Trigger Activity with Learning Assistant (LEA),31492,3195961,2026-05-05,33,29,Secondary 4,443716,461683.0,"You demonstrated strong planning by asking focused questions about electromagnetic concepts, building from Lenz's Law to Faraday's Law and then applying these to practical scenarios. Your questions showed good monitoring as you followed up on the chatbot's explanations with related inquiries. You concluded with thoughtful reflection by asking how to improve the apparatus for constant electricity generation.",2,2,2,PHYSICS,"You demonstrated planning by asking a series of related questions that built upon each other. You started with ""Can you explain more about Lenz's Law?"" then followed up with ""How does Lenz's Law relate to generators?"" and ""What is Faraday's Law?"" These questions showed you were strategically building your understanding of electromagnetic concepts in a logical sequence.","You showed monitoring by asking follow-up questions that built on the chatbot's responses. After learning about Lenz's Law, you asked ""How does Lenz's Law relate to generators?"" which directly followed from the previous explanation. You also asked ""why does the koght bulb light up when the magnet is pushed into the coil?"" which connected back to the original topic after learning about the underlying laws.","You demonstrated reflection at the end of your conversation by asking ""How can you improve on the apparaus given in the simulation so that a constant supply of electricity is generated?"" This question showed you were thinking beyond the basic concepts to consider practical applications and improvements, reflecting on how the principles you learned could be applied to create better outcomes.",Proficient,Proficient,Proficient
10855530,468d7d9c-a649-4e5f-be6c-4023a253165e,S4 Physics: Electromagnetic Induction Trigger Activity with Learning Assistant (LEA),31492,3195961,2026-05-05,33,29,Secondary 4,525501,461689.0,You engaged with the topic by asking for clarification on Lenz's Law and then built upon that understanding by connecting it to generators. Your questions showed a logical progression from understanding the concept to exploring its applications.,2,2,1,PHYSICS,"You demonstrated planning by asking a follow-up question ""How does Lenz's Law relate to generators?"" that built upon your earlier clarification request about Lenz's Law, showing you were organizing your understanding in a logical sequence.","You showed monitoring behavior by first asking ""Can you explain Lenz's Law again?"" to check your understanding, then following up with ""How does Lenz's Law relate to generators?"" which demonstrated you were tracking your comprehension and seeking to connect concepts.","While you asked connected questions, you did not demonstrate reflection behaviors such as considering alternatives, reassessing conclusions, or asking ""what if"" scenarios at the end of the conversation flow.",Proficient,Proficient,Emerging
10855530,468d7d9c-a649-4e5f-be6c-4023a253165e,S4 Physics: Electromagnetic Induction Trigger Activity with Learning Assistant (LEA),31492,3195961,2026-05-05,33,29,Secondary 4,440554,None,You did not interact with the chatbot.,0,0,0,PHYSICS,You did not interact with the chatbot.,You did not interact with the chatbot.,You did not interact with the chatbot.,Not Observed,Not Observed,Not Observed
10855530,468d7d9c-a649-4e5f-be6c-4023a253165e,S4 Physics: Electromagnetic Induction Trigger Activity with Learning Assistant (LEA),31492,3195961,2026-05-05,33,29,Secondary 4,452855,461680.0,You asked a series of basic questions about electromagnetic induction concepts but did not demonstrate deeper thinking strategies. Your questions were disconnected and did not build upon previous responses or show reflection on your understanding.,1,1,1,PHYSICS,"You asked three separate questions about electromagnetic concepts: ""Why does the bulb light up when the magnet is pushed into the coil?"", ""What is Faraday's Law?"", and ""Can you explain Lenz's Law?"". However, these questions were disconnected and did not follow up from your earlier questions in an organized manner. You did not demonstrate planning or organizing your thinking strategies before engaging with the content.",You did not ask any questions that followed up from LEA's responses or showed that you were checking your understanding. Each of your questions moved to a new topic rather than building on the explanations provided. You did not demonstrate monitoring behaviors such as asking about your learning progress or seeking clarification on concepts that were explained.,"You did not show any reflective thinking in your responses. You did not ask follow-up questions at the end of logical conversation flows, consider alternatives, or connect concepts together. Your questions remained at a basic information-seeking level without demonstrating reflection on the content or your understanding of it.",Emerging,Emerging,Emerging
10855530,468d7d9c-a649-4e5f-be6c-4023a253165e,S4 Physics: Electromagnetic Induction Trigger Activity with Learning Assistant (LEA),31492,3195961,2026-05-05,33,29,Secondary 4,439042,461668.0,You engaged with the topic by asking follow-up questions that built upon the chatbot's explanations. Your questions showed a logical progression from understanding basic concepts to exploring related principles and practical applications.,2,2,2,PHYSICS,"You demonstrated planning by asking strategic follow-up questions that built upon previous responses. After learning about changing magnetic fields, you asked ""How does Lenz's Law relate to this?"" which showed you were connecting concepts systematically. You then progressed to asking ""How to produce a continue supply of electricity"" which demonstrated organized thinking about practical applications.","You showed monitoring behavior by asking clarifying questions that followed up on the chatbot's explanations. When the chatbot explained changing magnetic fields, you asked ""Why is it changing"" to check your understanding. You then asked ""How does Lenz's Law relate to this?"" which demonstrated you were actively checking how new information connected to the concepts being discussed.","You demonstrated reflection by asking ""How to produce a continue supply of electricity"" at the end of the conversation flow. This question showed you were thinking beyond the immediate concepts to consider practical applications and real-world implications of the electromagnetic induction principles you had been learning about.",Proficient,Proficient,Proficient
9825380,3bd63c1b-a0f2-4816-b890-109152b5d068,S4 Physics: Electromagnetic Induction Trigger Activity with Learning Assistant (LEA) - Copy,19541,2688163,2025-07-01,39,27,Secondary 4,412374,None,You did not interact with the chatbot.,0,0,0,PHYSICS,You did not interact with the chatbot.,You did not interact with the chatbot.,You did not interact with the chatbot.,Not Observed,Not Observed,Not Observed
9825380,3bd63c1b-a0f2-4816-b890-109152b5d068,S4 Physics: Electromagnetic Induction Trigger Activity with Learning Assistant (LEA) - Copy,19541,2688163,2025-07-01,39,27,Secondary 4,420116,65171.0,"You showed initial curiosity about electromagnetic induction by asking about Faraday's Law and the effects of magnet speed. However, you quickly became disengaged and did not demonstrate meaningful metacognitive thinking throughout the conversation.",1,1,1,PHYSICS,"You did not demonstrate planning behaviors. While you asked ""What is Faraday's Law of electromagnetic induction?"" and ""What happens if the magnet is moved faster?"", these were disconnected questions rather than organized follow-ups that built upon each other in a planned manner.","You did not show evidence of monitoring your understanding. You did not ask questions to check your comprehension of LEA's explanations about Faraday's Law or the relationship between magnet speed and induced EMF. Instead, you went off-topic and became disengaged.","You did not demonstrate reflective thinking. You did not consider alternatives, reassess your understanding, or ask ""what if"" questions. After LEA's explanations, you did not reflect on the concepts or explore connections to practical applications.",Emerging,Emerging,Emerging
9825380,3bd63c1b-a0f2-4816-b890-109152b5d068,S4 Physics: Electromagnetic Induction Trigger Activity with Learning Assistant (LEA) - Copy,19541,2688163,2025-07-01,39,27,Secondary 4,416122,None,You did not interact with the chatbot.,0,0,0,PHYSICS,You did not interact with the chatbot.,You did not interact with the chatbot.,You did not interact with the chatbot.,Not Observed,Not Observed,Not Observed
9825380,3bd63c1b-a0f2-4816-b890-109152b5d068,S4 Physics: Electromagnetic Induction Trigger Activity with Learning Assistant (LEA) - Copy,19541,2688163,2025-07-01,39,27,Secondary 4,433721,65493.0,"You asked two basic questions about electromagnetic induction but did not follow up on the explanations provided or show evidence of planning your learning approach, monitoring your understanding, or reflecting on the concepts.",1,1,1,PHYSICS,"You asked two separate questions about electromagnetic induction (""Can you explain how the magnet creates electricity?"" and ""Why does the voltmeter show a reading when the magnet is pushed into the coil?"") but these were not connected or organized in a way that showed strategic planning of your learning approach.",You did not ask any follow-up questions to check your understanding after LEA provided explanations. You did not indicate whether the explanations made sense to you or ask for clarification about any confusing aspects.,"You did not reflect on the explanations provided or make connections between the concepts. You did not ask ""what if"" questions, consider alternatives, or show any evidence of deeper thinking about electromagnetic induction.",Emerging,Emerging,Emerging
9825380,3bd63c1b-a0f2-4816-b890-109152b5d068,S4 Physics: Electromagnetic Induction Trigger Activity with Learning Assistant (LEA) - Copy,19541,2688163,2025-07-01,39,27,Secondary 4,414797,None,You did not interact with the chatbot.,0,0,0,PHYSICS,You did not interact with the chatbot.,You did not interact with the chatbot.,You did not interact with the chatbot.,Not Observed,Not Observed,Not Observed
9825380,3bd63c1b-a0f2-4816-b890-109152b5d068,S4 Physics: Electromagnetic Induction Trigger Activity with Learning Assistant (LEA) - Copy,19541,2688163,2025-07-01,39,27,Secondary 4,407754,69998.0,"You engaged with the topic by asking two specific questions about electromagnetic induction, focusing on how magnet direction and speed affect current. However, your questions appear disconnected from each other and you didn't build upon the chatbot's responses or reflect on the explanations provided.",1,1,1,PHYSICS,"You asked questions about electromagnetic induction but they were not connected or organized. Your questions ""Can you explain how the direction of the magnet affects the current?"" and ""What happens if I change the speed of the magnet?"" were separate inquiries without building upon each other or following up on previous responses.","You did not follow up on LEA's explanations or check your understanding. After LEA explained Fleming's Right-Hand Rule and the relationship between magnet direction and current, you moved to a different question about speed without engaging with the previous explanation or asking for clarification.","You did not reflect on the explanations provided or consider alternative approaches. When LEA asked ""What do you think about this relationship?"" and ""Have you thought about how this might relate to generators and their efficiency?"", you did not respond to these reflective prompts or demonstrate thinking about the broader implications.",Emerging,Emerging,Emerging
9825380,3bd63c1b-a0f2-4816-b890-109152b5d068,S4 Physics: Electromagnetic Induction Trigger Activity with Learning Assistant (LEA) - Copy,19541,2688163,2025-07-01,39,27,Secondary 4,45816,None,You did not interact with the chatbot.,0,0,0,PHYSICS,You did not interact with the chatbot.,You did not interact with the chatbot.,You did not interact with the chatbot.,Not Observed,Not Observed,Not Observed
9825380,3bd63c1b-a0f2-4816-b890-109152b5d068,S4 Physics: Electromagnetic Induction Trigger Activity with Learning Assistant (LEA) - Copy,19541,2688163,2025-07-01,39,27,Secondary 4,403851,65715.0,"You asked basic questions about electromagnetic induction but did not demonstrate deeper thinking strategies. Your questions were straightforward requests for explanations rather than showing planning, monitoring of your understanding, or reflection on the concepts.",1,1,1,PHYSICS,"You did not demonstrate planning of thinking strategies. Your questions ""Can you explain why the bulb lights up?"" and ""How can I make it so that there is a constant power supply to the lightbulb?"" were isolated requests for information without showing any organized approach to understanding the topic or building on previous responses.","You did not show evidence of checking your understanding or following up on the chatbot's explanations. After LEA explained electromagnetic induction and asked about the voltmeter reading, you moved to a completely different question about constant power supply without engaging with the previous explanation.","You did not demonstrate reflection on the concepts presented. You did not ask follow-up questions that built on LEA's explanations, consider alternatives, or show any deeper thinking about how the concepts connect. Your questions remained at a basic information-seeking level.",Emerging,Emerging,Emerging
9825380,3bd63c1b-a0f2-4816-b890-109152b5d068,S4 Physics: Electromagnetic Induction Trigger Activity with Learning Assistant (LEA) - Copy,19541,2688163,2025-07-01,39,27,Secondary 4,424121,None,You did not interact with the chatbot.,0,0,0,PHYSICS,You did not interact with the chatbot.,You did not interact with the chatbot.,You did not interact with the chatbot.,Not Observed,Not Observed,Not Observed
9825380,3bd63c1b-a0f2-4816-b890-109152b5d068,S4 Physics: Electromagnetic Induction Trigger Activity with Learning Assistant (LEA) - Copy,19541,2688163,2025-07-01,39,27,Secondary 4,403169,None,You did not interact with the chatbot.,0,0,0,PHYSICS,You did not interact with the chatbot.,You did not interact with the chatbot.,You did not interact with the chatbot.,Not Observed,Not Observed,Not Observed
9825380,3bd63c1b-a0f2-4816-b890-109152b5d068,S4 Physics: Electromagnetic Induction Trigger Activity with Learning Assistant (LEA) - Copy,19541,2688163,2025-07-01,39,27,Secondary 4,421035,87119.0,"You asked a series of related questions about electromagnetic induction, progressing from Faraday's Law to current direction to practical applications in generators. Your questions showed a logical progression of understanding the topic.",2,2,2,PHYSICS,"You demonstrated planning by asking follow-up questions that built upon each other in a logical sequence. You started with ""What is Faraday's Law of electromagnetic induction?"" then followed up with ""Can you explain how the direction of the current is determined?"" and finally ""How does this relate to generators?"" This shows you were organizing your thinking to understand the concept systematically.","You showed monitoring by asking follow-up questions that built on LEA's previous responses. After learning about Faraday's Law, you asked about current direction, and after understanding that concept, you connected it to generators. This demonstrates you were checking your understanding and seeking clarification on related aspects.","You demonstrated reflection by asking ""How does this relate to generators?"" at the end of your logical flow of questions about electromagnetic induction. This question showed you were thinking about practical applications and making connections between the theoretical concepts you had learned and real-world implementations.",Proficient,Proficient,Proficient
9825380,3bd63c1b-a0f2-4816-b890-109152b5d068,S4 Physics: Electromagnetic Induction Trigger Activity with Learning Assistant (LEA) - Copy,19541,2688163,2025-07-01,39,27,Secondary 4,415669,86598.0,"You asked several questions about electromagnetic induction, starting with how magnet direction affects current and then asking multiple related questions about bulbs, voltmeters, and generators. However, your questions appear disconnected and don't build upon the chatbot's responses in an organized way.",1,1,1,PHYSICS,You asked multiple questions but they were not organized or building upon each other in a strategic way. Your second message contained three separate questions bundled together without clear connection to your first question about magnet direction.,"You did not follow up on the chatbot's explanation about Lenz's Law or engage with the content provided. Instead, you asked new questions without checking your understanding of the previous response.","You did not reflect on the chatbot's explanations or consider how the concepts might connect. When asked 'What do you think about how these concepts connect?' you did not respond, showing no evidence of reflection on the material.",Emerging,Emerging,Emerging
9825380,3bd63c1b-a0f2-4816-b890-109152b5d068,S4 Physics: Electromagnetic Induction Trigger Activity with Learning Assistant (LEA) - Copy,19541,2688163,2025-07-01,39,27,Secondary 4,406337,None,You did not interact with the chatbot.,0,0,0,PHYSICS,You did not interact with the chatbot.,You did not interact with the chatbot.,You did not interact with the chatbot.,Not Observed,Not Observed,Not Observed
9825380,3bd63c1b-a0f2-4816-b890-109152b5d068,S4 Physics: Electromagnetic Induction Trigger Activity with Learning Assistant (LEA) - Copy,19541,2688163,2025-07-01,39,27,Secondary 4,450550,65123.0,"You demonstrated good questioning skills by asking about different aspects of electromagnetic induction, including the coil's role, magnet direction effects, and Lenz's Law. However, your questions were mostly disconnected from each other rather than building on previous responses, and you didn't reflect on the answers provided to deepen your understanding.",1,1,1,PHYSICS,"You asked several questions about electromagnetic induction such as ""What role does the coil play in generating electricity?"" and ""Can you explain how the direction of the magnet affects the current?"" However, these questions were not connected to each other or building upon previous responses, showing limited strategic planning of your learning approach.","While you asked follow-up questions like ""Can you explain Lenz's Law in more detail?"" after LEA mentioned it, most of your questions did not build meaningfully on the chatbot's responses. Your questions appeared to jump between different topics rather than checking your understanding of the concepts being explained.","You did not demonstrate reflection on the concepts discussed. Your final question ""How can you improve on the apparatus given in the simulation so that a constant supply of electricity is generated?"" showed some application thinking, but you didn't reflect on or synthesize the information provided throughout the conversation to deepen your understanding.",Emerging,Emerging,Emerging
9825380,3bd63c1b-a0f2-4816-b890-109152b5d068,S4 Physics: Electromagnetic Induction Trigger Activity with Learning Assistant (LEA) - Copy,19541,2688163,2025-07-01,39,27,Secondary 4,450836,None,You did not interact with the chatbot.,0,0,0,PHYSICS,You did not interact with the chatbot.,You did not interact with the chatbot.,You did not interact with the chatbot.,Not Observed,Not Observed,Not Observed
9825380,3bd63c1b-a0f2-4816-b890-109152b5d068,S4 Physics: Electromagnetic Induction Trigger Activity with Learning Assistant (LEA) - Copy,19541,2688163,2025-07-01,39,27,Secondary 4,432902,None,You did not interact with the chatbot.,0,0,0,PHYSICS,You did not interact with the chatbot.,You did not interact with the chatbot.,You did not interact with the chatbot.,Not Observed,Not Observed,Not Observed
9825380,3bd63c1b-a0f2-4816-b890-109152b5d068,S4 Physics: Electromagnetic Induction Trigger Activity with Learning Assistant (LEA) - Copy,19541,2688163,2025-07-01,39,27,Secondary 4,434384,71698.0,You asked one clarifying question about the voltmeter reading but did not engage further with the topic. Your conversation was very brief and lacked follow-up questions or deeper exploration of the concepts.,1,1,1,PHYSICS,"You asked only one question ""Can you explain why the voltmeter shows a reading?"" without any follow-up questions or organized approach to understanding the topic. This single question does not demonstrate planning of thinking strategies.",You did not ask any follow-up questions after LEA's explanation about electromagnetic induction and the voltmeter reading. There was no evidence of checking your understanding or building on the chatbot's response.,"You did not respond to LEA's final question ""What do you think about this process?"" and showed no evidence of reflecting on the explanation provided or considering alternative approaches to understanding electromagnetic induction.",Emerging,Emerging,Emerging
9825380,3bd63c1b-a0f2-4816-b890-109152b5d068,S4 Physics: Electromagnetic Induction Trigger Activity with Learning Assistant (LEA) - Copy,19541,2688163,2025-07-01,39,27,Secondary 4,415691,None,You did not interact with the chatbot.,0,0,0,PHYSICS,You did not interact with the chatbot.,You did not interact with the chatbot.,You did not interact with the chatbot.,Not Observed,Not Observed,Not Observed
9825380,3bd63c1b-a0f2-4816-b890-109152b5d068,S4 Physics: Electromagnetic Induction Trigger Activity with Learning Assistant (LEA) - Copy,19541,2688163,2025-07-01,39,27,Secondary 4,417893,None,You did not interact with the chatbot.,0,0,0,PHYSICS,You did not interact with the chatbot.,You did not interact with the chatbot.,You did not interact with the chatbot.,Not Observed,Not Observed,Not Observed
9825380,3bd63c1b-a0f2-4816-b890-109152b5d068,S4 Physics: Electromagnetic Induction Trigger Activity with Learning Assistant (LEA) - Copy,19541,2688163,2025-07-01,39,27,Secondary 4,409921,None,You did not interact with the chatbot.,0,0,0,PHYSICS,You did not interact with the chatbot.,You did not interact with the chatbot.,You did not interact with the chatbot.,Not Observed,Not Observed,Not Observed
9825380,3bd63c1b-a0f2-4816-b890-109152b5d068,S4 Physics: Electromagnetic Induction Trigger Activity with Learning Assistant (LEA) - Copy,19541,2688163,2025-07-01,39,27,Secondary 4,418318,None,You did not interact with the chatbot.,0,0,0,PHYSICS,You did not interact with the chatbot.,You did not interact with the chatbot.,You did not interact with the chatbot.,Not Observed,Not Observed,Not Observed
9825380,3bd63c1b-a0f2-4816-b890-109152b5d068,S4 Physics: Electromagnetic Induction Trigger Activity with Learning Assistant (LEA) - Copy,19541,2688163,2025-07-01,39,27,Secondary 4,403755,None,You did not interact with the chatbot.,0,0,0,PHYSICS,You did not interact with the chatbot.,You did not interact with the chatbot.,You did not interact with the chatbot.,Not Observed,Not Observed,Not Observed
9825380,3bd63c1b-a0f2-4816-b890-109152b5d068,S4 Physics: Electromagnetic Induction Trigger Activity with Learning Assistant (LEA) - Copy,19541,2688163,2025-07-01,39,27,Secondary 4,415002,65808.0,"You engaged with the topic by asking direct questions about electromagnetic induction. You started with a basic clarifying question and then progressed to asking about practical improvements to the apparatus, showing some forward-thinking about the application of the concept.",1,1,1,PHYSICS,"You asked two separate questions but they were not connected in an organized manner. Your first question ""Can you explain why the bulb lights up?"" was a basic clarifying question, and your second question about improving the apparatus was unrelated to your first question, showing no follow-up planning strategy.","You did not ask any follow-up questions that built upon LEA's responses. After LEA explained electromagnetic induction, you moved to a completely different question about apparatus improvement rather than checking your understanding of the initial explanation.","You did not demonstrate reflection on the content discussed. You did not ask ""what if"" questions, consider alternatives, or show any form of reflective thinking about the electromagnetic induction concepts presented.",Emerging,Emerging,Emerging
9825380,3bd63c1b-a0f2-4816-b890-109152b5d068,S4 Physics: Electromagnetic Induction Trigger Activity with Learning Assistant (LEA) - Copy,19541,2688163,2025-07-01,39,27,Secondary 4,435869,67256.0,"You asked several questions about electromagnetic induction, focusing on why the voltmeter shows readings and why the bulb lights up. Your questions followed a logical sequence, building on the chatbot's responses to explore different aspects of the phenomenon.",2,2,1,PHYSICS,"You demonstrated planning by asking follow-up questions that built upon each other in a logical sequence. You started with ""Can you explain why the voltmeter shows a reading?"" then followed up with ""Why does the bulb light up when the magnet is pushed into the coil?"" and later ""What happens if the magnet is pulled out?"" These questions show you were systematically exploring different aspects of electromagnetic induction.","You showed monitoring by asking follow-up questions that directly responded to the chatbot's explanations. When LEA asked ""What do you think happens if the magnet is pulled out instead?"" you followed up with ""What happens if the magnet is pulled out?"" This demonstrates you were tracking the conversation and checking your understanding by pursuing the suggested line of inquiry.","While you asked relevant questions throughout the conversation, you did not demonstrate reflective thinking such as considering alternatives, making connections to other concepts, or reassessing your understanding. Your questions were primarily seeking information rather than reflecting on the concepts or exploring ""what if"" scenarios beyond what was directly suggested.",Proficient,Proficient,Emerging
9825380,3bd63c1b-a0f2-4816-b890-109152b5d068,S4 Physics: Electromagnetic Induction Trigger Activity with Learning Assistant (LEA) - Copy,19541,2688163,2025-07-01,39,27,Secondary 4,407858,65312.0,"You engaged with the topic by asking a series of questions about electromagnetic induction, but your questions were mostly disconnected from each other. You didn't build upon the chatbot's responses or show evidence of planning your learning approach or reflecting on the concepts discussed.",1,1,1,PHYSICS,"You asked several questions throughout the conversation, but they were largely disconnected and didn't show evidence of planning your thinking strategies. Your questions jumped from voltmeter readings to Faraday's law to generators without building a coherent learning path.","You didn't demonstrate checking your understanding during the learning process. While you asked follow-up questions, they didn't show that you were monitoring your comprehension or building upon the chatbot's explanations to deepen your understanding.",You didn't show evidence of reflecting on the concepts or considering alternative approaches. Your questions remained at a surface level without demonstrating that you were synthesizing information or making connections between different aspects of electromagnetic induction.,Emerging,Emerging,Emerging
9825380,3bd63c1b-a0f2-4816-b890-109152b5d068,S4 Physics: Electromagnetic Induction Trigger Activity with Learning Assistant (LEA) - Copy,19541,2688163,2025-07-01,39,27,Secondary 4,434952,68827.0,You asked two distinct questions about electromagnetic induction but did not build upon the responses or show evidence of planning your inquiry. Your questions jumped from basic understanding to practical applications without connecting the concepts.,1,1,1,PHYSICS,"You asked two separate questions but they were not connected or organized in a logical sequence. Your first question ""Why does the bulb light up when the magnet is pushed into the coil?"" was followed by an unrelated question about improving the apparatus, showing no evidence of planning your thinking strategies or building upon previous responses.","You did not follow up on LEA's explanations or check your understanding. After LEA explained why the bulb lights up and asked what happens when the magnet is pulled out, you ignored this and asked a completely different question about improving the apparatus, showing no monitoring of your learning progress.","You did not reflect on the responses provided or consider alternative approaches. There was no evidence of you thinking about the concepts presented, asking 'what if' questions, or connecting ideas together in a meaningful way.",Emerging,Emerging,Emerging
9825380,3bd63c1b-a0f2-4816-b890-109152b5d068,S4 Physics: Electromagnetic Induction Trigger Activity with Learning Assistant (LEA) - Copy,19541,2688163,2025-07-01,39,27,Secondary 4,413112,None,You did not interact with the chatbot.,0,0,0,PHYSICS,You did not interact with the chatbot.,You did not interact with the chatbot.,You did not interact with the chatbot.,Not Observed,Not Observed,Not Observed
9825380,3bd63c1b-a0f2-4816-b890-109152b5d068,S4 Physics: Electromagnetic Induction Trigger Activity with Learning Assistant (LEA) - Copy,19541,2688163,2025-07-01,39,27,Secondary 4,423353,None,You did not interact with the chatbot.,0,0,0,PHYSICS,You did not interact with the chatbot.,You did not interact with the chatbot.,You did not interact with the chatbot.,Not Observed,Not Observed,Not Observed
9825380,3bd63c1b-a0f2-4816-b890-109152b5d068,S4 Physics: Electromagnetic Induction Trigger Activity with Learning Assistant (LEA) - Copy,19541,2688163,2025-07-01,39,27,Secondary 4,434484,None,You did not interact with the chatbot.,0,0,0,PHYSICS,You did not interact with the chatbot.,You did not interact with the chatbot.,You did not interact with the chatbot.,Not Observed,Not Observed,Not Observed
9825380,3bd63c1b-a0f2-4816-b890-109152b5d068,S4 Physics: Electromagnetic Induction Trigger Activity with Learning Assistant (LEA) - Copy,19541,2688163,2025-07-01,39,27,Secondary 4,423937,68612.0,"You demonstrated strong planning by asking multiple related questions about electromagnetic induction. You showed good monitoring by building on the chatbot's explanations with follow-up questions. However, you didn't reflect on the responses or consider alternative approaches to the concepts discussed.",2,2,1,PHYSICS,"You demonstrated planning by asking three related questions that built upon each other: ""Why does the bulb light up when the magnet is pushed into the coil?Why does the volmeter show a reading when the magnet is pushed into the coil?How do generators generate a constant supply of electricity?"" These questions showed a logical progression from basic phenomena to practical applications, indicating you planned your inquiry strategy.","You showed monitoring by asking a follow-up question that built directly on LEA's explanation about generators: ""How can you improve on the apparaus given in the simulation so that a constant supply of electricity is generated?"" This question demonstrated you were checking your understanding and seeking to extend the concept further.","You did not demonstrate reflection in this conversation. While you asked good follow-up questions, you didn't reflect on the responses provided, consider alternative explanations, or make connections to other concepts you might know.",Proficient,Proficient,Emerging
9825380,3bd63c1b-a0f2-4816-b890-109152b5d068,S4 Physics: Electromagnetic Induction Trigger Activity with Learning Assistant (LEA) - Copy,19541,2688163,2025-07-01,39,27,Secondary 4,407464,62511.0,"You engaged with the topic by asking direct questions about electromagnetic induction. You moved from understanding the basic mechanism to exploring practical improvements, showing some progression in your thinking about the concept.",1,2,1,PHYSICS,"You asked questions about electromagnetic induction, but these were not follow-up questions building on your earlier inquiries. Your questions ""Explain why does the bulb light up when the magnet is pushed into the coil?"" and ""How can you improve on the apparatus given in the simulation so that a constant supply of electricity is generated?"" were separate, unconnected inquiries rather than organized, sequential planning of your learning approach.","You demonstrated monitoring by asking a follow-up question ""How can you improve on the apparatus given in the simulation so that a constant supply of electricity is generated?"" that built upon LEA's explanation of electromagnetic induction. This shows you were checking your understanding and extending the concept to practical applications.","While you asked about improving the apparatus, you did not show evidence of reflecting on alternative approaches, suspending judgment, or reassessing conclusions. Your questions were direct requests for information rather than reflective inquiries that demonstrated deeper consideration of the concepts or alternative perspectives.",Emerging,Proficient,Emerging
9825380,3bd63c1b-a0f2-4816-b890-109152b5d068,S4 Physics: Electromagnetic Induction Trigger Activity with Learning Assistant (LEA) - Copy,19541,2688163,2025-07-01,39,27,Secondary 4,408685,None,You did not interact with the chatbot.,0,0,0,PHYSICS,You did not interact with the chatbot.,You did not interact with the chatbot.,You did not interact with the chatbot.,Not Observed,Not Observed,Not Observed
9825380,3bd63c1b-a0f2-4816-b890-109152b5d068,S4 Physics: Electromagnetic Induction Trigger Activity with Learning Assistant (LEA) - Copy,19541,2688163,2025-07-01,39,27,Secondary 4,408961,None,You did not interact with the chatbot.,0,0,0,PHYSICS,You did not interact with the chatbot.,You did not interact with the chatbot.,You did not interact with the chatbot.,Not Observed,Not Observed,Not Observed
9825380,3bd63c1b-a0f2-4816-b890-109152b5d068,S4 Physics: Electromagnetic Induction Trigger Activity with Learning Assistant (LEA) - Copy,19541,2688163,2025-07-01,39,27,Secondary 4,416308,None,You did not interact with the chatbot.,0,0,0,PHYSICS,You did not interact with the chatbot.,You did not interact with the chatbot.,You did not interact with the chatbot.,Not Observed,Not Observed,Not Observed
9825380,3bd63c1b-a0f2-4816-b890-109152b5d068,S4 Physics: Electromagnetic Induction Trigger Activity with Learning Assistant (LEA) - Copy,19541,2688163,2025-07-01,39,27,Secondary 4,413882,72423.0,You asked a direct question about Faraday's Law but did not engage further with the chatbot's response or follow up with additional questions. Your interaction was brief and did not demonstrate deeper thinking strategies.,1,1,1,PHYSICS,You asked one question about Faraday's Law but did not follow up with additional related questions or show organization in your approach to understanding electromagnetic induction.,"You did not ask any follow-up questions after receiving the chatbot's explanation of Faraday's Law, showing no evidence of checking your understanding or monitoring your learning progress.",You did not reflect on the chatbot's explanation or ask any follow-up questions that would demonstrate consideration of alternatives or deeper thinking about the concept.,Emerging,Emerging,Emerging
9825380,3bd63c1b-a0f2-4816-b890-109152b5d068,S4 Physics: Electromagnetic Induction Trigger Activity with Learning Assistant (LEA) - Copy,19541,2688163,2025-07-01,39,27,Secondary 4,402594,None,You did not interact with the chatbot.,0,0,0,PHYSICS,You did not interact with the chatbot.,You did not interact with the chatbot.,You did not interact with the chatbot.,Not Observed,Not Observed,Not Observed
9825380,3bd63c1b-a0f2-4816-b890-109152b5d068,S4 Physics: Electromagnetic Induction Trigger Activity with Learning Assistant (LEA) - Copy,19541,2688163,2025-07-01,39,27,Secondary 4,431365,78594.0,"You asked one clarifying question about the voltmeter reading in response to the initial prompt about electromagnetic induction. However, you did not follow up on the explanation provided or engage in further questioning to deepen your understanding.",1,1,1,PHYSICS,"You asked only one question ""Can you explain why the voltmeter shows a reading?"" without any follow-up questions or organized approach to understanding the topic. This single question does not demonstrate planning of thinking strategies.",You did not ask any follow-up questions after receiving the explanation about electromagnetic induction and e.m.f. There was no evidence of checking your understanding or monitoring your learning progress during the conversation.,"You did not reflect on the explanation provided or ask any ""what if"" questions or consider alternatives. The conversation ended without any evidence of reflection on the learning content.",Emerging,Emerging,Emerging
9825380,3bd63c1b-a0f2-4816-b890-109152b5d068,S4 Physics: Electromagnetic Induction Trigger Activity with Learning Assistant (LEA) - Copy,19541,2688163,2025-07-01,39,27,Secondary 4,436372,None,You did not interact with the chatbot.,0,0,0,PHYSICS,You did not interact with the chatbot.,You did not interact with the chatbot.,You did not interact with the chatbot.,Not Observed,Not Observed,Not Observed
9825380,3bd63c1b-a0f2-4816-b890-109152b5d068,S4 Physics: Electromagnetic Induction Trigger Activity with Learning Assistant (LEA) - Copy,19541,2688163,2025-07-01,39,27,Secondary 4,418087,92615.0,"You asked a direct question about Faraday's Law but did not engage with the chatbot's follow-up question or demonstrate deeper thinking about the concept. Your interaction remained at a basic information-seeking level without showing planning, monitoring, or reflection behaviors.",1,1,1,PHYSICS,"You asked one direct question ""What is Faraday's Law of electromagnetic induction?"" but did not follow up with additional related questions or show organization in your approach to understanding the topic.","You did not ask any follow-up questions after receiving the chatbot's explanation of Faraday's Law, nor did you check your understanding or seek clarification about the concept.",You did not reflect on the chatbot's explanation or consider alternative approaches to understanding electromagnetic induction. The conversation ended without any reflective engagement with the material.,Emerging,Emerging,Emerging
10907593,eb224f5a-7b67-4f2f-8915-677edf0a0af7,[HBL 15 May] Electromagnetic Induction Trigger Activity with Learning Assistant (LEA) ,28978,3225844,2026-05-15,19,19,Secondary 4,944007,497747.0,"You engaged with the topic by asking questions about electromagnetic induction, but your questions were largely prompted by the chatbot's initial suggestions. You showed some curiosity about improving the apparatus but didn't demonstrate deeper planning, monitoring, or reflection on your own understanding.",1,1,1,PHYSICS,"You asked questions about electromagnetic induction, but these were directly repeating the chatbot's suggested questions rather than developing your own strategic approach to understanding the topic. Your questions ""Why the bulb light up when the magnet is pushed into the coil"" and ""How can you improve on the apparaus given in the simulation so that a constant supply of electricity is generated?"" were prompted by LEA's initial suggestions rather than showing independent planning of your learning strategy.","You did not demonstrate checking your understanding during the learning process. After LEA provided explanations about electromagnetic induction and Faraday's Law, you did not ask follow-up questions to clarify your comprehension or indicate whether the explanations made sense to you. There was no evidence of you monitoring your learning progress or seeking clarification about concepts you found difficult.","You did not show evidence of reflecting on the information provided or drawing connections between concepts. When LEA explained electromagnetic induction and asked follow-up questions about voltmeter readings, magnet strength, and real-life applications, you did not engage with these deeper questions or reflect on how the concepts relate to each other or to broader applications.",Emerging,Emerging,Emerging
10907593,eb224f5a-7b67-4f2f-8915-677edf0a0af7,[HBL 15 May] Electromagnetic Induction Trigger Activity with Learning Assistant (LEA) ,28978,3225844,2026-05-15,19,19,Secondary 4,458557,493962.0,"You engaged with the topic by asking a clarifying question about the voltmeter reading when the magnet enters the coil. However, your conversation was brief and you did not follow up on the chatbot's subsequent questions or demonstrate deeper thinking strategies.",1,1,1,PHYSICS,"You asked one clarifying question ""Can you explain why the voltmeter shows a reading when the magnet enters the coil?"" but did not follow up with additional related questions or show organized thinking strategies to explore the topic further.","You did not ask any follow-up questions after receiving the chatbot's detailed explanation about electromagnetic induction, Faraday's Law, and the related concepts. There was no evidence of checking your understanding or building upon the response provided.","You did not engage in any reflective thinking about the concepts presented. Despite the chatbot asking several follow-up questions about what happens when the magnet is pulled out, how this relates to generators, and why speed affects the reading, you did not respond or reflect on these connections.",Emerging,Emerging,Emerging
10907593,eb224f5a-7b67-4f2f-8915-677edf0a0af7,[HBL 15 May] Electromagnetic Induction Trigger Activity with Learning Assistant (LEA) ,28978,3225844,2026-05-15,19,19,Secondary 4,476240,496042.0,"You engaged with the topic by asking two follow-up questions about electromagnetic induction concepts. Your questions showed interest in understanding the underlying principles, but you didn't demonstrate deeper planning, monitoring of your understanding, or reflection on the concepts presented.",1,1,1,PHYSICS,"You asked two questions about electromagnetic induction concepts (""How does Lenz's Law work in this context?"" and ""Can you explain Faraday's Law?""), but these were separate, unconnected questions rather than a planned sequence building on each other or following up from your earlier questions.",You did not ask any questions to check your understanding of the concepts explained by LEA. You moved from one topic to another without indicating whether you understood the previous explanations or needed clarification.,"You did not demonstrate reflection on the concepts presented. You didn't ask follow-up questions like ""What if...?"" scenarios, make connections between the concepts, or show evidence of reassessing your understanding of electromagnetic induction.",Emerging,Emerging,Emerging
10907593,eb224f5a-7b67-4f2f-8915-677edf0a0af7,[HBL 15 May] Electromagnetic Induction Trigger Activity with Learning Assistant (LEA) ,28978,3225844,2026-05-15,19,19,Secondary 4,438897,495769.0,"You engaged with electromagnetic induction concepts by asking a series of follow-up questions that built upon previous responses. Your questioning showed curiosity about different aspects of the topic, from voltage readings to material properties, demonstrating active engagement with the learning content.",2,2,2,PHYSICS,"You demonstrated planning by asking follow-up questions that built upon earlier responses. After learning about voltage readings, you asked ""why does the south pole produce a voltmeter deflection to the positive while the north pole produce a voltmeter deflection towards the negative,"" then followed up with ""what happens if the magnet is stationary inside the coil."" You also connected material properties by asking ""What materials are best for making coils and why?"" followed by ""so why not steel,"" showing organized thinking progression.","You monitored your understanding by expressing confusion when concepts weren't clear, stating ""i still dont understand why"" when the explanation about pole directions wasn't sufficient. You also asked clarifying questions that built on LEA's responses, such as asking ""so why not steel"" after learning about copper and aluminum, and ""so if soft iron core is used, the change in magnetic flux caused by the magnet will be more?"" to confirm your understanding.","You reflected on the concepts by asking ""what if"" type questions at the end of logical conversation flows. After discussing materials, you asked ""so if soft iron core is used, the change in magnetic flux caused by the magnet will be more?"" which showed you were connecting the iron core concept to magnetic flux changes, demonstrating reflection on how different elements of the system work together.",Proficient,Proficient,Proficient
10907593,eb224f5a-7b67-4f2f-8915-677edf0a0af7,[HBL 15 May] Electromagnetic Induction Trigger Activity with Learning Assistant (LEA) ,28978,3225844,2026-05-15,19,19,Secondary 4,451905,497198.0,"You engaged with the topic by asking three sequential questions about electromagnetic induction, moving from understanding the direction of induced current to exploring real-life applications and then focusing on how generators work. Your questions showed a logical progression but remained at a basic information-seeking level without deeper reflection on your understanding.",1,1,1,PHYSICS,"You asked three questions during the conversation, but they were not follow-ups to your earlier questions. Instead, you asked separate, unrelated questions: ""Why does the direction of induced current change?"", ""What are some real-life applications of electromagnetic induction?"", and ""Could you explain how a generator works?"" These questions did not build upon each other in an organized manner, indicating you did not plan your thinking strategies before engaging with the content.","While you asked questions throughout the conversation, none of them followed up from LEA's responses to check your understanding. For example, after LEA explained Lenz's Law and asked for real-life examples, you moved to a different question about applications rather than engaging with the explanation provided. Your questions appeared to be independent information requests rather than monitoring your comprehension of the material.","You did not demonstrate reflection on the content discussed. You did not ask follow-up questions that showed you were thinking about alternatives, making connections, or reassessing your understanding. Your questions remained at the surface level of information gathering without showing evidence that you were reflecting on or modifying your thinking based on the responses you received.",Emerging,Emerging,Emerging
10907593,eb224f5a-7b67-4f2f-8915-677edf0a0af7,[HBL 15 May] Electromagnetic Induction Trigger Activity with Learning Assistant (LEA) ,28978,3225844,2026-05-15,19,19,Secondary 4,460465,495751.0,"You engaged with the topic by asking specific questions about electromagnetic induction concepts. However, your questions appeared to be prompted by the chatbot's suggestions rather than arising from your own planning or monitoring of your understanding.",1,1,1,PHYSICS,"You did not demonstrate planning behaviors in this conversation. While you asked questions about Lenz's Law and Faraday's Law, these were directly suggested by the chatbot rather than arising from your own strategic thinking about how to approach learning electromagnetic induction.","You did not show evidence of monitoring your understanding during the conversation. Your question ""Can you explain Faraday's Law and how it fits with Lenz's Law?"" was taken directly from the chatbot's suggested follow-up questions rather than indicating you were checking your own comprehension.","You did not demonstrate reflective thinking in this conversation. There was no evidence of you considering alternative approaches, reassessing your understanding, or making connections between the concepts beyond repeating the chatbot's suggested questions.",Emerging,Emerging,Emerging
10907593,eb224f5a-7b67-4f2f-8915-677edf0a0af7,[HBL 15 May] Electromagnetic Induction Trigger Activity with Learning Assistant (LEA) ,28978,3225844,2026-05-15,19,19,Secondary 4,41996,495584.0,You asked two separate questions about electromagnetic induction concepts but did not follow up on the responses or build upon your initial questions. Your questions jumped between different topics without showing deeper engagement with the explanations provided.,1,1,1,PHYSICS,"You asked clarifying questions about electromagnetic induction concepts, but your questions were disjointed and did not follow up from each other. You asked ""Why when ita the South Pole the voltmeter is positive"" and then jumped to ""What is a transformer and why is a iron core used"" without building upon your earlier question, which does not demonstrate organized planning of your thinking strategies.","You did not ask follow-up questions based on LEA's responses or check your understanding during the learning process. After LEA explained the South Pole concept and asked you to think about the North Pole, you moved to a completely different topic about transformers instead of engaging with the explanation provided.","You did not reflect on the explanations provided or ask follow-up questions that built upon the conversation flow. There was no evidence of you considering alternatives, reassessing conclusions, or drawing connections between the concepts discussed.",Emerging,Emerging,Emerging
10907593,eb224f5a-7b67-4f2f-8915-677edf0a0af7,[HBL 15 May] Electromagnetic Induction Trigger Activity with Learning Assistant (LEA) ,28978,3225844,2026-05-15,19,19,Secondary 4,946884,495016.0,"You engaged with the topic by asking a series of related questions about generators, motors, and efficiency. Your questions showed a logical progression from understanding basic generator function to comparing it with motors, then exploring optimization strategies.",2,2,1,PHYSICS,"You demonstrated planning by asking follow-up questions that built upon previous responses. After learning about generators, you asked ""How does a generator differ from a motor?"" which showed you were connecting related concepts. You then progressed to asking ""How can we increase the efficiency of a generator?"" which demonstrated organized thinking about the topic.","You showed monitoring by asking questions that followed up from LEA's responses. After receiving an explanation about generators, you asked about the difference between generators and motors, indicating you were processing the information and seeking to clarify related concepts.","While you asked relevant follow-up questions, you did not demonstrate clear reflection behaviors such as considering alternatives, reassessing conclusions, or asking ""what if"" scenarios. Your questions were more focused on gathering information rather than reflecting on your understanding or exploring different perspectives.",Proficient,Proficient,Emerging
10907593,eb224f5a-7b67-4f2f-8915-677edf0a0af7,[HBL 15 May] Electromagnetic Induction Trigger Activity with Learning Assistant (LEA) ,28978,3225844,2026-05-15,19,19,Secondary 4,452219,497097.0,"You demonstrated strong curiosity about electromagnetic induction by asking a series of related questions that built upon each other. Your questions showed you were actively following the conversation and seeking to understand connections between different concepts, though you didn't explicitly reflect on your own understanding or organize your inquiry in a structured way.",1,2,1,PHYSICS,"You asked several questions about electromagnetic induction topics, but these were mostly separate inquiries rather than following up on your earlier questions in an organized manner. Your questions jumped between different aspects like ""How does a transformer work?"", ""What is Faraday's Law?"", and ""Can you explain Lenz's Law?"" without building systematically on previous responses.","You showed monitoring behavior by asking follow-up questions that built on LEA's responses. After learning about Lenz's Law, you asked ""Can you give an example of Lenz's Law in action?"" and then followed up with ""Can you explain how this principle affects energy efficiency?"" This demonstrates you were checking your understanding and seeking clarification as the conversation progressed.","While you asked many questions throughout the conversation, you didn't demonstrate clear reflection on your learning or consider alternative approaches to understanding the concepts. Your final question ""Explain why does the bulb light up when the magnet is pushed into the coil?"" returned to a basic concept without showing how your understanding had developed through the conversation.",Emerging,Proficient,Emerging
10907593,eb224f5a-7b67-4f2f-8915-677edf0a0af7,[HBL 15 May] Electromagnetic Induction Trigger Activity with Learning Assistant (LEA) ,28978,3225844,2026-05-15,19,19,Secondary 4,43931,496051.0,"You engaged in a systematic exploration of electromagnetic induction and generators by asking a series of related follow-up questions. Your questioning pattern showed you were building understanding progressively, moving from general concepts to specific components and then to comparative analysis.",3,3,2,PHYSICS,"You demonstrated organized planning by asking a logical sequence of follow-up questions that built upon each other. You started with ""How do generators work in more detail?"" then followed up with ""What role do slip rings play in generators?"" after LEA mentioned slip rings, then asked ""Can you explain the difference between AC and DC generators?"" and finally ""What are the advantages of AC over DC?"" This shows you organized your thinking strategies to systematically explore the topic from general to specific aspects.","You consistently asked follow-up questions that directly built upon LEA's previous responses, showing you were monitoring your understanding throughout the conversation. When LEA mentioned slip rings, you immediately asked about their role. After learning about AC and DC generators, you asked about their differences, and then about the advantages of AC over DC. This pattern of at least two connected follow-up questions demonstrates you were actively checking and clarifying your understanding as the conversation progressed.","You showed reflection through your final question ""What are the advantages of AC over DC?"" which came at the end of a logical flow about generators and demonstrated you were considering comparative aspects and practical implications of what you had learned. This question showed you were reflecting on the broader significance and applications of the concepts discussed.",Accomplished,Accomplished,Proficient
10907593,eb224f5a-7b67-4f2f-8915-677edf0a0af7,[HBL 15 May] Electromagnetic Induction Trigger Activity with Learning Assistant (LEA) ,28978,3225844,2026-05-15,19,19,Secondary 4,462376,495063.0,"You engaged with the topic by asking a direct question about the phenomenon, but you didn't follow up on the chatbot's response or explore the concept further. Your interaction remained at a basic level without showing deeper thinking strategies.",1,1,1,PHYSICS,"You asked one clarifying question about why the bulb lights up when the magnet is pushed into the coil, but you didn't follow up with additional questions or show organization in your approach to understanding the topic.","You didn't check your understanding or ask follow-up questions after receiving the explanation about electromagnetic induction, missing the opportunity to monitor your comprehension of the concept.","You didn't reflect on the explanation provided or consider alternative approaches to understanding electromagnetic induction, and you didn't respond to the follow-up questions that could have deepened your thinking.",Emerging,Emerging,Emerging
10907593,eb224f5a-7b67-4f2f-8915-677edf0a0af7,[HBL 15 May] Electromagnetic Induction Trigger Activity with Learning Assistant (LEA) ,28978,3225844,2026-05-15,19,19,Secondary 4,838361,494521.0,"You asked a direct question about electromagnetic induction but did not engage in follow-up questioning or demonstrate deeper thinking strategies. Your interaction remained at a basic level without showing planning, monitoring, or reflection behaviors.",1,1,1,PHYSICS,"You did not demonstrate planning behaviors. While you asked ""Can you explain why the bulb lights up when the magnet is pushed into the coil?"", this was a single, direct question without any follow-up or organized approach to understanding the topic.","You did not show monitoring behaviors. After LEA provided a detailed explanation about electromagnetic induction, you did not ask any follow-up questions to check your understanding or clarify concepts from the response.","You did not demonstrate reflection behaviors. Despite LEA's comprehensive response and additional questions about what happens when the magnet is pulled out, voltmeters, and generators, you did not engage with these ideas or show any reflective thinking about the concepts.",Emerging,Emerging,Emerging
10907593,eb224f5a-7b67-4f2f-8915-677edf0a0af7,[HBL 15 May] Electromagnetic Induction Trigger Activity with Learning Assistant (LEA) ,28978,3225844,2026-05-15,19,19,Secondary 4,439141,496029.0,"You engaged with the topic by asking a direct question about electromagnetic induction. However, your conversation was very brief and you didn't follow up on the chatbot's explanation or explore the concept further.",1,1,1,PHYSICS,"You asked one basic question about why the bulb lights up, but this appears to be restating the chatbot's initial prompt rather than planning your own learning approach. You didn't ask any follow-up questions or show organization in your inquiry.","You didn't check your understanding of the chatbot's explanation about electromagnetic induction. When LEA provided a detailed response about changing magnetic fields and e.m.f., you didn't ask for clarification or indicate whether you understood the concepts.","You didn't reflect on the explanation provided or consider alternative scenarios. The chatbot invited you to think about what would happen if the magnet was pulled out, but you didn't engage with this reflective opportunity.",Emerging,Emerging,Emerging
10907593,eb224f5a-7b67-4f2f-8915-677edf0a0af7,[HBL 15 May] Electromagnetic Induction Trigger Activity with Learning Assistant (LEA) ,28978,3225844,2026-05-15,19,19,Secondary 4,453894,497068.0,"You asked focused questions about electromagnetic induction, specifically about generators and slip rings. Your questions showed curiosity about the technical aspects but remained at a basic level without building deeper connections or reflecting on the concepts.",1,1,1,PHYSICS,"You asked questions about generators and slip rings, but these were separate, unconnected questions rather than a planned sequence building on each other. There was no evidence of organizing your thinking strategies before engaging with the topic.",You did not ask any follow-up questions to check your understanding of LEA's explanations about generators or slip rings. There was no evidence of monitoring your comprehension during the learning process.,You did not reflect on the concepts presented or ask questions that would help you connect ideas or consider alternatives. There was no evidence of drawing conclusions or modifying your understanding based on the information provided.,Emerging,Emerging,Emerging
10907593,eb224f5a-7b67-4f2f-8915-677edf0a0af7,[HBL 15 May] Electromagnetic Induction Trigger Activity with Learning Assistant (LEA) ,28978,3225844,2026-05-15,19,19,Secondary 4,537539,494266.0,"You engaged with the topic by asking for clarification about the bulb lighting up mechanism. However, your interaction remained at a basic level without demonstrating strategic planning, progress monitoring, or reflective thinking about the electromagnetic induction concepts.",1,1,1,PHYSICS,"You did not demonstrate planning behaviors in this conversation. Your single question ""explain why the bulb lights up when the magnet is pushed into the coil"" was a basic request for explanation rather than strategic thinking about how to approach understanding electromagnetic induction.","You did not show monitoring behaviors during this conversation. There were no follow-up questions to check your understanding or clarify concepts after LEA's explanations, and you did not engage with LEA's question about what happens when the magnet is pulled out.","You did not demonstrate reflective thinking in this conversation. There was no evidence of considering alternative approaches, connecting concepts, or reflecting on your understanding of electromagnetic induction principles.",Emerging,Emerging,Emerging
10907593,eb224f5a-7b67-4f2f-8915-677edf0a0af7,[HBL 15 May] Electromagnetic Induction Trigger Activity with Learning Assistant (LEA) ,28978,3225844,2026-05-15,19,19,Secondary 4,477034,496316.0,"You engaged with the topic by asking two related questions about electromagnetic induction. Your questions showed a logical progression from understanding why the bulb lights up to exploring what happens to the voltmeter reading, demonstrating some planning in your approach to learning.",2,2,1,PHYSICS,"You demonstrated planning by asking two related questions that built upon each other. First, you asked ""Can you explain why the bulb lights up when the magnet is pushed into the coil?"" and then followed up with ""What happens to the voltmeter reading when the magnet is pushed in?"" This shows you planned your thinking by connecting the bulb lighting up with the voltmeter reading in the same scenario.","You showed monitoring by asking a follow-up question ""What happens to the voltmeter reading when the magnet is pushed in?"" after LEA explained why the bulb lights up. This demonstrates you were checking your understanding by exploring a related aspect of the same phenomenon that LEA had mentioned.","You did not demonstrate reflection behaviors in this conversation. While you asked related questions, you did not reflect on the explanations provided, consider alternative approaches, or make connections to broader concepts at the end of the conversation flow.",Proficient,Proficient,Emerging
10907593,eb224f5a-7b67-4f2f-8915-677edf0a0af7,[HBL 15 May] Electromagnetic Induction Trigger Activity with Learning Assistant (LEA) ,28978,3225844,2026-05-15,19,19,Secondary 4,834587,494487.0,You demonstrated strong curiosity about electromagnetic induction by asking a series of follow-up questions that built upon each other. Your questions showed you were actively thinking about different aspects of the topic and seeking to understand the underlying mechanisms.,2,3,2,PHYSICS,"You showed planning by asking follow-up questions that built upon the chatbot's responses. After the initial explanation about Faraday's Law, you asked ""Why does the direction of current change when the magnet moves?"" and then continued with ""What role does the speed of the magnet play in generating electricity?"" These questions demonstrated you were systematically working through different aspects of electromagnetic induction.","You demonstrated accomplished monitoring by asking multiple follow-up questions that showed you were checking your understanding throughout the conversation. You asked ""Why does the volmeter show a reading when the magnet is pushed into the coil?"" and ""Why might different types of magnets affect the reading on a voltmeter?"" These questions showed you were actively monitoring your comprehension and seeking clarification on specific aspects of the concept.","You showed reflection by asking ""How do generators generate a constant supply of electricity?"" and ""What are some real-world applications of generators?"" at the end of your logical flow of questions. These questions demonstrated you were thinking about broader applications and connections, particularly the ""What are some real-world applications of generators?"" question which showed you were reflecting on how the concept applies in practical contexts.",Proficient,Accomplished,Proficient
10907593,eb224f5a-7b67-4f2f-8915-677edf0a0af7,[HBL 15 May] Electromagnetic Induction Trigger Activity with Learning Assistant (LEA) ,28978,3225844,2026-05-15,19,19,Secondary 4,443497,495590.0,"You asked a single question about how generators maintain steady electricity flow, but didn't engage further with the topic or build upon the response you received. Your interaction was brief and didn't demonstrate deeper thinking processes.",1,1,1,PHYSICS,You asked only one question about generators without any follow-up questions or building upon your initial inquiry. There was no evidence of planning your thinking strategies or organizing your approach to understanding electromagnetic induction.,You did not check your understanding or ask follow-up questions after receiving LEA's explanation about generators. There was no evidence of monitoring your comprehension during the learning process.,You did not reflect on the information provided or ask for alternative approaches to understanding the concept. The conversation ended without any evidence of drawing conclusions or considering different perspectives on electromagnetic induction.,Emerging,Emerging,Emerging
10907593,eb224f5a-7b67-4f2f-8915-677edf0a0af7,[HBL 15 May] Electromagnetic Induction Trigger Activity with Learning Assistant (LEA) ,28978,3225844,2026-05-15,19,19,Secondary 4,72253,497191.0,"You engaged in a systematic exploration of electromagnetic induction concepts, asking focused questions that built upon each other. Your approach showed clear progression from basic concepts to practical applications and exam preparation.",2,2,2,PHYSICS,"You demonstrated strategic planning by asking a sequence of related questions that built upon each other. You started with ""Can you explain Faraday's Law in simple terms?"" then followed up with ""How does a generator use electromagnetic induction?"" and ""Can you explain lenz law"" - showing you were systematically working through the key concepts of electromagnetic induction in a logical order.","You showed monitoring behavior by following up on LEA's explanations with related questions. After learning about Faraday's Law, you asked ""How does a generator use electromagnetic induction?"" which directly built on the previous explanation, demonstrating you were tracking your understanding and seeking to connect concepts.","You demonstrated reflection by culminating your learning with the request ""Can you give a typical o level question about faradays law and lenz law and give model ans for both"" - this showed you were thinking about how to apply and test your understanding of the concepts you had just learned, reflecting on your knowledge in the context of assessment.",Proficient,Proficient,Proficient
11049875,41b50a54-280a-45f1-9717-fea181b42cb5,S4 Physics: Electromagnetic Induction Trigger Activity with Learning Assistant (LEA) - Copy,19541,3054963,2026-07-08,42,36,Secondary 4,446252,620092.0,"You asked three sequential questions about electromagnetic induction, focusing on why the bulb lights up, why the voltmeter shows readings, and how generators work. Your questions followed a logical progression but remained at a basic level without deeper exploration or reflection on the concepts.",1,1,1,PHYSICS,"You did not demonstrate planning behaviors in this conversation. While you asked three questions about electromagnetic induction, they were basic clarifying questions that did not show evidence of organizing your thinking strategies or building upon previous responses in a planned manner.","You did not show monitoring behaviors during this conversation. Your questions ""Why does the bulb light up when the magnet is pushed into the coil?"" and ""Why does the volmeter show a reading when the magnet is pushed into the coil?"" were basic clarifying questions rather than follow-ups that built upon LEA's previous explanations or checked your understanding of the concepts.","You did not demonstrate reflective thinking in this conversation. You ended with ""Thank you sal"" without reflecting on the information provided, considering alternative approaches, or making connections between the concepts discussed. There was no evidence of drawing on cognitive strategies or reassessing your understanding.",Emerging,Emerging,Emerging
11049875,41b50a54-280a-45f1-9717-fea181b42cb5,S4 Physics: Electromagnetic Induction Trigger Activity with Learning Assistant (LEA) - Copy,19541,3054963,2026-07-08,42,36,Secondary 4,941487,620018.0,"You demonstrated strong planning by asking multiple related questions about electromagnetic induction in a logical sequence. You showed good monitoring by following up with a question about Lenz's Law after receiving explanations. However, you didn't engage in deeper reflection on the concepts presented.",2,2,1,PHYSICS,"You demonstrated planning by asking three related questions in sequence: ""Why does the bulb light up when the magnet is pushed into the coil? Why does the volmeter show a reading when the magnet is pushed into the coil? How do generators generate a constant supply of electricity?"" These questions show you organized your thinking to understand different aspects of electromagnetic induction systematically.","You showed monitoring by asking a follow-up question ""What is Lenz's Law and why is it important?"" after receiving LEA's explanations about electromagnetic induction. This demonstrates you were checking your understanding and seeking to clarify additional concepts related to the topic.","You did not demonstrate reflection behaviors in this conversation. While you asked good questions, you didn't engage with LEA's responses by considering alternatives, making connections to other concepts, or reassessing your understanding of the material presented.",Proficient,Proficient,Emerging
11049875,41b50a54-280a-45f1-9717-fea181b42cb5,S4 Physics: Electromagnetic Induction Trigger Activity with Learning Assistant (LEA) - Copy,19541,3054963,2026-07-08,42,36,Secondary 4,470994,577962.0,"You engaged with the topic by asking a focused question about why the bulb lights up when the magnet is pushed into the coil. However, your conversation was brief and you didn't follow up on the chatbot's response or explore the concept further.",1,1,1,PHYSICS,"You did not demonstrate planning behaviors in this brief conversation. While you asked one question about the bulb lighting up, this appeared to be a direct response to the chatbot's initial prompt rather than evidence of strategic thinking or organized questioning.","You did not show monitoring behaviors during this conversation. After the chatbot provided a detailed explanation about electromagnetic induction and asked a follow-up question about what happens when the magnet is held still, you did not respond or check your understanding.","You did not demonstrate reflective thinking in this conversation. There was no evidence of you considering alternatives, connecting ideas, or reflecting on the explanation provided by the chatbot about electromagnetic induction.",Emerging,Emerging,Emerging
11049875,41b50a54-280a-45f1-9717-fea181b42cb5,S4 Physics: Electromagnetic Induction Trigger Activity with Learning Assistant (LEA) - Copy,19541,3054963,2026-07-08,42,36,Secondary 4,461971,618230.0,You engaged in a systematic exploration of electromagnetic induction by asking a series of connected questions that built upon each other. Your questioning pattern showed you were actively following up on the chatbot's responses and seeking deeper understanding of the concepts.,2,2,1,PHYSICS,"You demonstrated planning by asking follow-up questions that built upon your earlier inquiries. You started with ""Can you explain why the bulb lights up when the magnet moves in the coil?"" and then systematically followed up with ""How does the strength of the magnet affect the brightness?"" which directly connected to the chatbot's previous explanation about magnet strength.","You showed monitoring behavior by asking questions that directly followed from the chatbot's responses. After LEA explained magnet strength effects, you asked ""How do you think this concept applies to larger generators?"" and then continued with ""How does the rotation speed impact the efficiency of generators?"" - each question building on the previous response to check your understanding.","While you asked connected questions throughout the conversation, you did not demonstrate clear reflection behaviors such as considering alternatives, reassessing conclusions, or asking ""what if"" scenarios. Your questions were primarily seeking information rather than reflecting on your own understanding or considering different perspectives on the concepts.",Proficient,Proficient,Emerging
11049875,41b50a54-280a-45f1-9717-fea181b42cb5,S4 Physics: Electromagnetic Induction Trigger Activity with Learning Assistant (LEA) - Copy,19541,3054963,2026-07-08,42,36,Secondary 4,445174,582445.0,"You engaged with the topic by asking a series of related questions about electromagnetic induction, moving from basic concepts to more complex applications. Your questions showed a logical progression from understanding why bulbs light up to exploring how generators work, but you didn't demonstrate deeper planning, monitoring of your understanding, or reflection on the concepts.",1,1,1,PHYSICS,"You asked questions about electromagnetic induction, but these were largely repetitive of what LEA had already prompted or were disconnected follow-ups rather than organized, strategic questioning that built systematically on your earlier inquiries.",You did not ask questions to check your understanding of LEA's explanations or seek clarification about concepts that might have been unclear. Your questions moved to new topics rather than following up on LEA's responses to ensure comprehension.,"You did not demonstrate reflection on the concepts discussed. You didn't ask 'what if' questions, consider alternative scenarios, or show evidence of connecting the ideas to broader principles or reassessing your understanding of electromagnetic induction.",Emerging,Emerging,Emerging
11049875,41b50a54-280a-45f1-9717-fea181b42cb5,S4 Physics: Electromagnetic Induction Trigger Activity with Learning Assistant (LEA) - Copy,19541,3054963,2026-07-08,42,36,Secondary 4,439774,None,You did not interact with the chatbot.,0,0,0,PHYSICS,You did not interact with the chatbot.,You did not interact with the chatbot.,You did not interact with the chatbot.,Not Observed,Not Observed,Not Observed
11049875,41b50a54-280a-45f1-9717-fea181b42cb5,S4 Physics: Electromagnetic Induction Trigger Activity with Learning Assistant (LEA) - Copy,19541,3054963,2026-07-08,42,36,Secondary 4,467424,587687.0,You provided a correct but basic explanation of electromagnetic induction without engaging in deeper questioning or reflection. Your response was factual but didn't demonstrate planning strategies or monitoring of your understanding.,1,1,1,PHYSICS,You did not ask any clarifying questions about the task or demonstrate planning of your thinking strategies before responding to the electromagnetic induction question.,"You did not ask questions about your learning progress or check your understanding during the activity. When LEA asked follow-up questions about what happens when the magnet is held still or moved at different speeds, you did not respond or engage further.","You did not reflect on your answer or ask for alternative approaches. Despite LEA's follow-up questions inviting deeper thinking about the concept, you did not engage in reflective questioning or consider different scenarios.",Emerging,Emerging,Emerging
11049875,41b50a54-280a-45f1-9717-fea181b42cb5,S4 Physics: Electromagnetic Induction Trigger Activity with Learning Assistant (LEA) - Copy,19541,3054963,2026-07-08,42,36,Secondary 4,454472,None,You did not interact with the chatbot.,0,0,0,PHYSICS,You did not interact with the chatbot.,You did not interact with the chatbot.,You did not interact with the chatbot.,Not Observed,Not Observed,Not Observed
11049875,41b50a54-280a-45f1-9717-fea181b42cb5,S4 Physics: Electromagnetic Induction Trigger Activity with Learning Assistant (LEA) - Copy,19541,3054963,2026-07-08,42,36,Secondary 4,456184,617205.0,"You engaged with the topic by asking for clarification on Faraday's Law, showing some initial interest in understanding the concept. However, your conversation was very brief and you didn't follow up with additional questions or demonstrate deeper thinking about the material.",1,1,1,PHYSICS,"You asked one clarifying question about Faraday's Law, but this appears to be a single, isolated question rather than evidence of strategic planning. There was no follow-up questioning or organized approach to understanding the topic.","You did not demonstrate monitoring behaviors during this conversation. After LEA provided a detailed explanation of Faraday's Law, you did not ask follow-up questions or check your understanding of the response.","You did not show evidence of reflection in this conversation. There was no consideration of alternatives, connections to other concepts, or deeper thinking about the electromagnetic induction concepts presented.",Emerging,Emerging,Emerging
11049875,41b50a54-280a-45f1-9717-fea181b42cb5,S4 Physics: Electromagnetic Induction Trigger Activity with Learning Assistant (LEA) - Copy,19541,3054963,2026-07-08,42,36,Secondary 4,438198,None,You did not interact with the chatbot.,0,0,0,PHYSICS,You did not interact with the chatbot.,You did not interact with the chatbot.,You did not interact with the chatbot.,Not Observed,Not Observed,Not Observed
11049875,41b50a54-280a-45f1-9717-fea181b42cb5,S4 Physics: Electromagnetic Induction Trigger Activity with Learning Assistant (LEA) - Copy,19541,3054963,2026-07-08,42,36,Secondary 4,438160,624639.0,"You demonstrated strong foundational knowledge of electromagnetic induction by explaining Faraday's law clearly. You showed some monitoring behavior by asking a follow-up question about current direction, but your engagement remained limited to basic clarification rather than deeper exploration of the concepts.",1,2,1,PHYSICS,You did not ask clarifying questions about the task or demonstrate strategic thinking about how to approach understanding electromagnetic induction. Your initial response jumped directly into explaining the concept without showing planning of your learning approach.,"You demonstrated monitoring by asking ""How does the direction of induced current change with the magnet's movement?"" This question followed up on LEA's explanation and showed you were checking your understanding by seeking clarification on a specific aspect of the concept that was mentioned in the previous response.","You did not demonstrate reflective thinking behaviors. While you asked one follow-up question, you did not show evidence of considering alternatives, reassessing your understanding, or connecting the concepts to broader applications despite LEA's prompts about real-life examples and generators.",Emerging,Proficient,Emerging
11049875,41b50a54-280a-45f1-9717-fea181b42cb5,S4 Physics: Electromagnetic Induction Trigger Activity with Learning Assistant (LEA) - Copy,19541,3054963,2026-07-08,42,36,Secondary 4,941486,595476.0,"You engaged with the topic by asking two direct questions about electromagnetic induction. Your questions showed curiosity about the underlying mechanism and real-world applications, but you did not demonstrate deeper planning, monitoring of your understanding, or reflection on the responses provided.",1,1,1,PHYSICS,"You asked two questions but they were not connected or building upon each other in an organized manner. Your first question ""Can you explain why the bulb lights up when the magnet moves?"" and second question ""What are some real-life examples of electromagnetic induction?"" were separate inquiries rather than a planned sequence of thinking strategies.","You did not ask any follow-up questions to check your understanding of LEA's explanations. After receiving detailed explanations about how electromagnetic induction works and real-life examples, you did not seek clarification or express whether the explanations made sense to you.","You did not demonstrate reflection on the information provided. There were no follow-up questions exploring alternatives, connections to other concepts, or deeper consideration of the explanations given about electromagnetic induction and its applications.",Emerging,Emerging,Emerging
11049875,41b50a54-280a-45f1-9717-fea181b42cb5,S4 Physics: Electromagnetic Induction Trigger Activity with Learning Assistant (LEA) - Copy,19541,3054963,2026-07-08,42,36,Secondary 4,451520,616617.0,"You demonstrated a solid understanding of electromagnetic induction by explaining how moving a magnet changes magnetic field lines through a coil. However, you did not engage with follow-up questions or explore the topic further beyond your initial response.",1,1,1,PHYSICS,You did not ask any clarifying questions about the task or demonstrate planning of your thinking strategies before engaging with the electromagnetic induction topic.,"You did not ask questions about your learning progress or check your understanding during the conversation, even when LEA provided additional questions for you to consider.","You did not reflect on your learning or ask follow-up questions. When LEA offered additional questions about generators, Lenz's Law, and magnet speed, you did not engage with any of these opportunities for deeper reflection.",Emerging,Emerging,Emerging
11049875,41b50a54-280a-45f1-9717-fea181b42cb5,S4 Physics: Electromagnetic Induction Trigger Activity with Learning Assistant (LEA) - Copy,19541,3054963,2026-07-08,42,36,Secondary 4,455300,None,You did not interact with the chatbot.,0,0,0,PHYSICS,You did not interact with the chatbot.,You did not interact with the chatbot.,You did not interact with the chatbot.,Not Observed,Not Observed,Not Observed
11049875,41b50a54-280a-45f1-9717-fea181b42cb5,S4 Physics: Electromagnetic Induction Trigger Activity with Learning Assistant (LEA) - Copy,19541,3054963,2026-07-08,42,36,Secondary 4,450980,None,You did not interact with the chatbot.,0,0,0,PHYSICS,You did not interact with the chatbot.,You did not interact with the chatbot.,You did not interact with the chatbot.,Not Observed,Not Observed,Not Observed
11049875,41b50a54-280a-45f1-9717-fea181b42cb5,S4 Physics: Electromagnetic Induction Trigger Activity with Learning Assistant (LEA) - Copy,19541,3054963,2026-07-08,42,36,Secondary 4,439382,None,You did not interact with the chatbot.,0,0,0,PHYSICS,You did not interact with the chatbot.,You did not interact with the chatbot.,You did not interact with the chatbot.,Not Observed,Not Observed,Not Observed
11049875,41b50a54-280a-45f1-9717-fea181b42cb5,S4 Physics: Electromagnetic Induction Trigger Activity with Learning Assistant (LEA) - Copy,19541,3054963,2026-07-08,42,36,Secondary 4,459906,617331.0,"You demonstrated strong understanding of electromagnetic induction concepts and provided detailed explanations. However, you primarily responded to direct questions without initiating your own inquiries or reflecting on alternative approaches to understanding the topic.",1,1,1,PHYSICS,You did not ask clarifying questions about the task or demonstrate planning of your thinking strategies before engaging with the electromagnetic induction problems.,You did not ask questions about your learning progress or seek clarification about your understanding during the activity. You provided answers but did not check your comprehension.,You did not ask for alternative ways to approach the electromagnetic induction problems or reflect on your learning process. You answered questions directly without exploring different perspectives or connections.,Emerging,Emerging,Emerging
11049875,41b50a54-280a-45f1-9717-fea181b42cb5,S4 Physics: Electromagnetic Induction Trigger Activity with Learning Assistant (LEA) - Copy,19541,3054963,2026-07-08,42,36,Secondary 4,439572,None,You did not interact with the chatbot.,0,0,0,PHYSICS,You did not interact with the chatbot.,You did not interact with the chatbot.,You did not interact with the chatbot.,Not Observed,Not Observed,Not Observed
11049875,41b50a54-280a-45f1-9717-fea181b42cb5,S4 Physics: Electromagnetic Induction Trigger Activity with Learning Assistant (LEA) - Copy,19541,3054963,2026-07-08,42,36,Secondary 4,448000,None,You did not interact with the chatbot.,0,0,0,PHYSICS,You did not interact with the chatbot.,You did not interact with the chatbot.,You did not interact with the chatbot.,Not Observed,Not Observed,Not Observed
11049875,41b50a54-280a-45f1-9717-fea181b42cb5,S4 Physics: Electromagnetic Induction Trigger Activity with Learning Assistant (LEA) - Copy,19541,3054963,2026-07-08,42,36,Secondary 4,475687,625489.0,"You demonstrated solid understanding of electromagnetic induction concepts and made connections to generators. However, your responses were primarily factual explanations rather than showing deeper metacognitive thinking about your learning process.",1,1,1,PHYSICS,You did not ask clarifying questions about the task or demonstrate planning of your thinking strategies. Your responses directly answered LEA's questions without showing evidence of organizing your approach to understanding the topic.,"You did not ask questions about your learning progress or check your understanding during the activity. When you said 'second part' and 'Steady output part', these were brief requests for specific information rather than monitoring your comprehension of the concepts being discussed.",You did not reflect on your learning or ask for alternative approaches to understanding electromagnetic induction. Your responses showed knowledge recall but lacked reflective thinking about the concepts or consideration of different perspectives on the topic.,Emerging,Emerging,Emerging
11049875,41b50a54-280a-45f1-9717-fea181b42cb5,S4 Physics: Electromagnetic Induction Trigger Activity with Learning Assistant (LEA) - Copy,19541,3054963,2026-07-08,42,36,Secondary 4,456091,582921.0,You asked two direct questions about electromagnetic induction concepts but did not engage in follow-up questioning or demonstrate deeper thinking processes. Your approach was focused on gathering information rather than exploring your understanding.,1,1,1,PHYSICS,"You asked two separate questions about Faraday's Law and Lenz's Law, but these were disconnected requests for information rather than organized, strategic questioning that builds on previous responses.","You did not ask any follow-up questions to check your understanding of the concepts explained by LEA, nor did you indicate any confusion or need for clarification about the responses provided.","You did not respond to LEA's final question asking for your thoughts on Lenz's Law or examples, missing an opportunity to reflect on the concepts or consider alternative applications.",Emerging,Emerging,Emerging
11049875,41b50a54-280a-45f1-9717-fea181b42cb5,S4 Physics: Electromagnetic Induction Trigger Activity with Learning Assistant (LEA) - Copy,19541,3054963,2026-07-08,42,36,Secondary 4,462451,594204.0,"You asked focused questions about AC generators and electromagnetic induction, showing curiosity about the topic. However, you didn't demonstrate planning your approach, monitoring your understanding, or reflecting on the concepts presented.",1,1,1,PHYSICS,"You asked questions about AC generators but these were not follow-up questions building on your earlier inquiries. Your questions ""How does an AC generator work?"" and ""How does the direction of current change in an AC generator?"" were separate inquiries rather than organized, strategic planning of your learning approach.",You did not ask any questions to check your understanding of the concepts being explained. You didn't seek clarification about the electromagnetic induction explanations or verify your comprehension of how AC generators work.,"You concluded the conversation with a simple ""Thank you"" without reflecting on what you learned, considering alternative approaches, or making connections between the concepts discussed. You didn't demonstrate any reflective thinking about electromagnetic induction or AC generators.",Emerging,Emerging,Emerging
11049875,41b50a54-280a-45f1-9717-fea181b42cb5,S4 Physics: Electromagnetic Induction Trigger Activity with Learning Assistant (LEA) - Copy,19541,3054963,2026-07-08,42,36,Secondary 4,453247,None,You did not interact with the chatbot.,0,0,0,PHYSICS,You did not interact with the chatbot.,You did not interact with the chatbot.,You did not interact with the chatbot.,Not Observed,Not Observed,Not Observed
11049875,41b50a54-280a-45f1-9717-fea181b42cb5,S4 Physics: Electromagnetic Induction Trigger Activity with Learning Assistant (LEA) - Copy,19541,3054963,2026-07-08,42,36,Secondary 4,472245,None,You did not interact with the chatbot.,0,0,0,PHYSICS,You did not interact with the chatbot.,You did not interact with the chatbot.,You did not interact with the chatbot.,Not Observed,Not Observed,Not Observed
11049875,41b50a54-280a-45f1-9717-fea181b42cb5,S4 Physics: Electromagnetic Induction Trigger Activity with Learning Assistant (LEA) - Copy,19541,3054963,2026-07-08,42,36,Secondary 4,477175,600101.0,"You engaged with the topic by asking multiple related questions about electromagnetic induction, showing curiosity about the underlying mechanisms. You then built on the conversation by asking about practical improvements to the apparatus, demonstrating some forward-thinking about the concepts.",1,2,1,PHYSICS,"While you asked multiple questions about electromagnetic induction, these appeared to be separate inquiries rather than a planned sequence of follow-up questions building on each other. Your questions ""Why does the bulb light up when the magnet is pushed into the coil? Why does the volmeter show a reading when the magnet is pushed into the coil? How do generators generate a constant supply of electricity?"" were listed together but did not show organization or strategic planning of your learning approach.","You demonstrated monitoring by asking a follow-up question that built on LEA's previous response. After receiving explanations about electromagnetic induction, you asked ""How can you improve on the apparaus given in the simulation so that a constant supply of electricity is generated?"" This shows you were checking your understanding and extending the conversation based on what you had learned.","While you asked about improvements to the apparatus, this question came at the end of the conversation without further reflection or consideration of alternatives. You did not demonstrate behaviors like suspending judgment, reassessing conclusions, or drawing connections to other concepts that would indicate accomplished reflection.",Emerging,Proficient,Emerging
11049875,41b50a54-280a-45f1-9717-fea181b42cb5,S4 Physics: Electromagnetic Induction Trigger Activity with Learning Assistant (LEA) - Copy,19541,3054963,2026-07-08,42,36,Secondary 4,124402,None,You did not interact with the chatbot.,0,0,0,PHYSICS,You did not interact with the chatbot.,You did not interact with the chatbot.,You did not interact with the chatbot.,Not Observed,Not Observed,Not Observed
11049875,41b50a54-280a-45f1-9717-fea181b42cb5,S4 Physics: Electromagnetic Induction Trigger Activity with Learning Assistant (LEA) - Copy,19541,3054963,2026-07-08,42,36,Secondary 4,458701,None,You did not interact with the chatbot.,0,0,0,PHYSICS,You did not interact with the chatbot.,You did not interact with the chatbot.,You did not interact with the chatbot.,Not Observed,Not Observed,Not Observed
11049875,41b50a54-280a-45f1-9717-fea181b42cb5,S4 Physics: Electromagnetic Induction Trigger Activity with Learning Assistant (LEA) - Copy,19541,3054963,2026-07-08,42,36,Secondary 4,442509,616319.0,You provided a brief initial response about Fleming's Right Hand Rule but did not engage further with the chatbot's follow-up questions. Your conversation was too short to demonstrate meaningful metacognitive behaviors across the learning process.,1,1,1,PHYSICS,You did not ask any clarifying questions about the task or demonstrate planning of your thinking strategies. Your single response directly answered the initial question without seeking clarification or organizing your approach to understanding electromagnetic induction.,"You did not check your understanding or ask follow-up questions during the learning process. When LEA asked you to explain deeper connections about why the bulb lights up, you did not respond, showing no evidence of monitoring your comprehension.","You did not reflect on your learning or ask for alternative approaches. The conversation ended without you engaging with LEA's request to explore deeper connections, showing no evidence of reflective thinking about the concepts.",Emerging,Emerging,Emerging
11049875,41b50a54-280a-45f1-9717-fea181b42cb5,S4 Physics: Electromagnetic Induction Trigger Activity with Learning Assistant (LEA) - Copy,19541,3054963,2026-07-08,42,36,Secondary 4,462219,582813.0,"You asked several questions about electromagnetic induction but did not engage deeply with the responses or build upon previous answers. Your questions remained at a basic level without showing planning, monitoring of your understanding, or reflection on the concepts.",1,1,1,PHYSICS,"You did not demonstrate planning behaviors. While you asked questions like ""Why does the bulb light up when the magnet is pushed into the coil?"" and ""Why does the volmeter show a reading when the magnet is pushed into the coil?"", these were separate, unconnected questions rather than follow-ups that built upon your earlier inquiries. You did not show organization in your questioning approach.","You did not show evidence of monitoring your understanding. You asked basic questions but did not follow up on LEA's responses to check your comprehension. When LEA provided explanations and asked follow-up questions like ""Can you think about how the speed of the magnet and the number of turns in the coil might affect this?"", you did not engage with these prompts to monitor your learning progress.","You did not demonstrate reflective thinking. You asked questions but did not reflect on the answers provided or consider alternative approaches. When LEA explained concepts and invited you to think about related factors, you moved on to new topics rather than reflecting on the information or asking ""what if"" questions to deepen your understanding.",Emerging,Emerging,Emerging
11049875,41b50a54-280a-45f1-9717-fea181b42cb5,S4 Physics: Electromagnetic Induction Trigger Activity with Learning Assistant (LEA) - Copy,19541,3054963,2026-07-08,42,36,Secondary 4,439633,None,You did not interact with the chatbot.,0,0,0,PHYSICS,You did not interact with the chatbot.,You did not interact with the chatbot.,You did not interact with the chatbot.,Not Observed,Not Observed,Not Observed
11049875,41b50a54-280a-45f1-9717-fea181b42cb5,S4 Physics: Electromagnetic Induction Trigger Activity with Learning Assistant (LEA) - Copy,19541,3054963,2026-07-08,42,36,Secondary 4,672027,None,You did not interact with the chatbot.,0,0,0,PHYSICS,You did not interact with the chatbot.,You did not interact with the chatbot.,You did not interact with the chatbot.,Not Observed,Not Observed,Not Observed
11049875,41b50a54-280a-45f1-9717-fea181b42cb5,S4 Physics: Electromagnetic Induction Trigger Activity with Learning Assistant (LEA) - Copy,19541,3054963,2026-07-08,42,36,Secondary 4,444994,None,You did not interact with the chatbot.,0,0,0,PHYSICS,You did not interact with the chatbot.,You did not interact with the chatbot.,You did not interact with the chatbot.,Not Observed,Not Observed,Not Observed
11049875,41b50a54-280a-45f1-9717-fea181b42cb5,S4 Physics: Electromagnetic Induction Trigger Activity with Learning Assistant (LEA) - Copy,19541,3054963,2026-07-08,42,36,Secondary 4,476263,624597.0,"You asked a direct question about Lenz's Law without engaging with the initial prompt about electromagnetic induction. Your conversation was very brief and did not show evidence of planning your learning approach, monitoring your understanding, or reflecting on the concepts presented.",1,1,1,PHYSICS,"You did not demonstrate planning behaviors. You asked ""Can you explain how Lenz's Law works?"" without first engaging with LEA's initial questions about electromagnetic induction or asking clarifying questions about the task. This appears to be an isolated question rather than part of a planned learning strategy.","You did not show monitoring behaviors during this brief conversation. After LEA provided a detailed explanation of Lenz's Law, you did not ask follow-up questions to check your understanding or indicate whether the explanation was clear to you.","You did not demonstrate reflective thinking. The conversation ended after LEA's explanation without you reflecting on the content, asking about alternative approaches, or connecting the concept to other ideas in electromagnetic induction.",Emerging,Emerging,Emerging
11049875,41b50a54-280a-45f1-9717-fea181b42cb5,S4 Physics: Electromagnetic Induction Trigger Activity with Learning Assistant (LEA) - Copy,19541,3054963,2026-07-08,42,36,Secondary 4,130375,None,You did not interact with the chatbot.,0,0,0,PHYSICS,You did not interact with the chatbot.,You did not interact with the chatbot.,You did not interact with the chatbot.,Not Observed,Not Observed,Not Observed
11049875,41b50a54-280a-45f1-9717-fea181b42cb5,S4 Physics: Electromagnetic Induction Trigger Activity with Learning Assistant (LEA) - Copy,19541,3054963,2026-07-08,42,36,Secondary 4,438975,594016.0,"You engaged with the topic by asking three related questions about electromagnetic induction, showing some initial curiosity about the phenomenon. However, your conversation was quite brief and you didn't follow up on the chatbot's responses or demonstrate deeper thinking strategies.",1,1,1,PHYSICS,"While you asked three questions about electromagnetic induction (""Why does the bulb light up when the magnet is pushed into the coil? Why does the volmeter show a reading when the magnet is pushed into the coil? How do generators generate a constant supply of electricity?""), these appear to be prompted by the chatbot's initial suggestions rather than your own organized thinking strategy. You didn't demonstrate planning your approach to understanding the topic or asking follow-up questions that built upon each other in an organized manner.","You didn't demonstrate monitoring behaviors during this conversation. After the chatbot provided detailed explanations about electromagnetic induction and asked follow-up questions about Lenz's Law and Faraday's Law, you didn't respond or check your understanding of the concepts presented. There's no evidence of you asking questions to clarify your comprehension or following up on the chatbot's responses.","You didn't show evidence of reflection in this conversation. While the chatbot invited you to consider deeper concepts like Lenz's Law, Faraday's Law, and real-world applications, you didn't engage with these prompts or demonstrate thinking about alternative approaches or connections to other concepts. The conversation ended without you reflecting on the explanations provided.",Emerging,Emerging,Emerging
11049875,41b50a54-280a-45f1-9717-fea181b42cb5,S4 Physics: Electromagnetic Induction Trigger Activity with Learning Assistant (LEA) - Copy,19541,3054963,2026-07-08,42,36,Secondary 4,445815,None,You did not interact with the chatbot.,0,0,0,PHYSICS,You did not interact with the chatbot.,You did not interact with the chatbot.,You did not interact with the chatbot.,Not Observed,Not Observed,Not Observed
11049875,41b50a54-280a-45f1-9717-fea181b42cb5,S4 Physics: Electromagnetic Induction Trigger Activity with Learning Assistant (LEA) - Copy,19541,3054963,2026-07-08,42,36,Secondary 4,451027,583633.0,"You engaged with the topic by asking clarifying questions about electromagnetic induction concepts. Your questions followed a logical sequence, building from basic concepts to more specific applications, showing some organization in your thinking approach.",2,2,1,PHYSICS,"You demonstrated planning by asking follow-up questions that built upon previous responses. You started with ""Can you explain why the bulb lights up with a moving magnet?"" and then followed up with ""Can you describe Lenz's Law in your own words?"" when LEA mentioned it, showing you were organizing your understanding systematically.","You showed monitoring behavior by asking ""What happens to the induced current when the magnet moves out of the coil?"" This question directly followed up on LEA's explanation about what happens when a magnet moves into a coil, indicating you were checking your understanding and seeking to complete the picture.","While you asked relevant questions throughout the conversation, you did not demonstrate reflective behaviors such as considering alternatives, reassessing conclusions, or making connections to broader concepts. Your questions were primarily seeking information rather than reflecting on your understanding or exploring different perspectives.",Proficient,Proficient,Emerging
11049875,41b50a54-280a-45f1-9717-fea181b42cb5,S4 Physics: Electromagnetic Induction Trigger Activity with Learning Assistant (LEA) - Copy,19541,3054963,2026-07-08,42,36,Secondary 4,458615,575413.0,"You asked a basic clarifying question about why the bulb lights up, but you didn't engage further with the explanation provided or ask follow-up questions to deepen your understanding.",1,1,1,PHYSICS,"You asked only one basic question ""Can you explain why the bulb lights up?"" without any follow-up questions or organized approach to understanding the topic.",You did not check your understanding or ask follow-up questions after receiving the explanation about electromagnetic induction.,"You did not reflect on the explanation provided or consider alternative approaches, connections, or implications of the electromagnetic induction concept.",Emerging,Emerging,Emerging
11049875,41b50a54-280a-45f1-9717-fea181b42cb5,S4 Physics: Electromagnetic Induction Trigger Activity with Learning Assistant (LEA) - Copy,19541,3054963,2026-07-08,42,36,Secondary 4,460349,None,You did not interact with the chatbot.,0,0,0,PHYSICS,You did not interact with the chatbot.,You did not interact with the chatbot.,You did not interact with the chatbot.,Not Observed,Not Observed,Not Observed
11049875,41b50a54-280a-45f1-9717-fea181b42cb5,S4 Physics: Electromagnetic Induction Trigger Activity with Learning Assistant (LEA) - Copy,19541,3054963,2026-07-08,42,36,Secondary 4,443959,None,You did not interact with the chatbot.,0,0,0,PHYSICS,You did not interact with the chatbot.,You did not interact with the chatbot.,You did not interact with the chatbot.,Not Observed,Not Observed,Not Observed
11049875,41b50a54-280a-45f1-9717-fea181b42cb5,S4 Physics: Electromagnetic Induction Trigger Activity with Learning Assistant (LEA) - Copy,19541,3054963,2026-07-08,42,36,Secondary 4,464009,None,You did not interact with the chatbot.,0,0,0,PHYSICS,You did not interact with the chatbot.,You did not interact with the chatbot.,You did not interact with the chatbot.,Not Observed,Not Observed,Not Observed
11049875,41b50a54-280a-45f1-9717-fea181b42cb5,S4 Physics: Electromagnetic Induction Trigger Activity with Learning Assistant (LEA) - Copy,19541,3054963,2026-07-08,42,36,Secondary 4,447998,617178.0,"You engaged with the topic by asking a series of follow-up questions about electromagnetic induction, showing curiosity about current direction, practical applications, and transformer mechanisms. Your questions built upon each other in a logical sequence, demonstrating sustained engagement with the learning material.",2,2,1,PHYSICS,"You demonstrated planning by asking strategic follow-up questions that built upon previous responses. After learning about Lenz's Law, you asked ""How can we apply these concepts to everyday technology?"" and then followed up with more specific questions about ""How do transformers work in power distribution?"" and ""Can you explain how voltage levels are changed in transformers?"" This shows you planned your learning by pursuing a logical sequence of increasingly specific questions.","You showed monitoring behavior by asking follow-up questions that directly built upon LEA's responses. When LEA mentioned transformers as an application, you immediately asked ""How do transformers work in power distribution?"" and then further clarified with ""Can you explain how voltage levels are changed in transformers?"" This demonstrates you were actively checking your understanding and seeking clarification on specific aspects.","While you asked several follow-up questions in a logical flow about electromagnetic induction applications, you did not demonstrate clear reflective behaviors such as considering alternatives, reassessing conclusions, or connecting concepts to broader understanding. Your questions were primarily seeking information rather than reflecting on the implications or connections of what you learned.",Proficient,Proficient,Emerging
